word,severity,category
1 man 1 jar,4,shock
one man one jar,4,shock
one jar one man,4,shock
2 girls 1 cup,4,shock
two girls one cup,4,shock
one cup two girls,4,shock
acrotomophilia,3,sexual
acrotomophile,3,sexual
black cock,3,sexual
big cock,3,sexual
huge cock,3,sexual
giant cock,3,sexual
massive cock,3,sexual
throbbing cock,3,sexual
alabama hot pocket,3,sexual
alabama tuna melt,3,sexual
alaskan pipeline,3,sexual
algophilia,3,sexual
algophile,3,sexual
anal,2,sexual
anal assassin,3,lgbtq
anal astronaut,3,lgbtq
anilingus,3,sexual
anus,1,sexual
apeshit,2,general
apotemnophilia,3,sexual
apotemnophile,3,sexual
arse,2,sexual
ass,1,sexual
ass bandit,3,lgbtq
arse bandit,3,lgbtq
autoerotic,3,sexual
auto erotic,3,sexual
babeland,3,sexual
baby batter,3,sexual
baby gravy,3,sexual
baby juice,3,sexual
ball batter,3,sexual
ball gravy,3,sexual
ball gag,3,sexual
ball-gag,3,sexual
ballgag,3,sexual
ball-kicking,3,sexual
ball licking,3,sexual
ball-licking,3,sexual
ball sack,3,sexual
ball sucking,3,sexual
ball-sucking,3,sexual
ballcuzi,3,sexual
bangbros,3,sexual
bang bros,3,sexual
bangbus,3,sexual
bang bus,3,sexual
bareback,3,sexual
barely legal,4,sexual
bastinado,3,sexual
batty boy,3,lgbtq
battyboy,3,lgbtq
batty boi,3,lgbtq
bdsm,3,sexual
bean flicker,3,lgbtq
bean-flicker,3,lgbtq
beanflicker,3,lgbtq
bean queen,3,lgbtq
beaner,3,racial
beaners,3,racial
beastiality,3,sexual
beestiality,3,sexual
bestiality,3,sexual
beaver cleaver,3,sexual
beaver lips,3,sexual
bellesa,3,sexual
bicon,3,lgbtq
big boobs,3,sexual
big breasts,3,sexual
big knockers,3,sexual
big tits,3,sexual
birdlock,3,sexual
bitch,3,general
bloody,1,general
blow your load,3,sexual
blowjob,3,sexual
blue waffle,4,shock
bluewaffle,4,shock
blumpkin,3,sexual
bone smuggler,3,lgbtq
bone-smuggler,3,lgbtq
bonesmuggler,3,lgbtq
boner,3,sexual
raging boner,3,sexual
throbbing boner,3,sexual
boob,1,sexual
booty buffer,3,lgbtq
booty-buffer,3,lgbtq
booty call,3,sexual
boston george,3,sexual
breasts,1,sexual
brown piper,3,lgbtq
brown-piper,3,lgbtq
brownpiper,3,lgbtq
brown shower,3,sexual
brown showers,3,sexual
brownie king,3,lgbtq
brownie queen,3,lgbtq
buddhahead,3,racial
buddha head,3,racial
buddha-head,3,racial
bufter,3,lgbtq
bufty,3,lgbtq
bukkake,3,sexual
bulldyke,3,lgbtq
bullet vibe,3,sexual
bullet vibrator,3,sexual
bullshit,2,general
bum chum,3,lgbtq
bum-chum,3,lgbtq
bumchum,3,lgbtq
bum driller,3,lgbtq
bum-driller,3,lgbtq
bumdriller,3,lgbtq
butt boy,3,lgbtq
butt-boy,3,lgbtq
buttboy,3,lgbtq
bum boy,3,lgbtq
bum-boy,3,lgbtq
bumboy,3,lgbtq
butt pilot,3,lgbtq
bum pilot,3,lgbtq
butt pirate,3,lgbtq
bum pirate,3,lgbtq
bum-pirate,3,lgbtq
butt rider,3,lgbtq
buttrider,3,lgbtq
bum rider,3,lgbtq
bumrider,3,lgbtq
butt robber,3,lgbtq
butt-robber,3,lgbtq
buttrobber,3,lgbtq
bum robber,3,lgbtq
bum-robber,3,lgbtq
bumrobber,3,lgbtq
butt rustler,3,lgbtq
bum rustler,3,lgbtq
butthole engineer,3,lgbtq
bumhole engineer,3,lgbtq
camel jockey,3,racial
cameljockey,3,racial
camel jockies,3,racial
cameljockies,3,racial
camel toe,3,sexual
canadian porch swing,3,sexual
carpet muncher,3,lgbtq
carpetmuncher,3,lgbtq
cheese-eating surrender monkey,3,racial
cheese eating surrender monkey,3,racial
chi-chi man,3,lgbtq
chicken queen,3,lgbtq
chinaman,2,racial
ching-chong,2,racial
ching chong,2,racial
chink,3,racial
chinks,3,racial
chinky,3,racial
chocolate rosebud,3,sexual
chocolate rosebuds,3,sexual
cholerophilia,3,sexual
cholerophile,3,sexual
cialis,3,sexual
circlejerk,3,sexual
circle-jerk,3,sexual
cishet,3,lgbtq
cissy,3,lgbtq
cissie,3,lgbtq
claustrophilia,3,sexual
claustrophile,3,sexual
cleveland accordion,3,sexual
cleveland hot waffle,3,sexual
cleveland steamer,3,sexual
clit,3,sexual
clover clamps,3,sexual
clover clamp,3,sexual
clusterfuck,4,general
cluster-fuck,4,general
cluster fuck,4,general
cock,2,sexual
cockpipe cosmonaut,3,lgbtq
cockstruction worker,3,lgbtq
coimetrophilia,3,sexual
coimetrophile,3,sexual
collaring,3,sexual
collared,3,sexual
coon,3,racial
coons,3,racial
coprophilia,3,sexual
coprophile,3,sexual
coprolagnia,3,sexual
cornhole,3,sexual
crafty butcher,3,lgbtq
cra*p,1,general
creampie,3,sexual
cream-pie,3,sexual
cum,3,sexual
cumming,3,sexual
cumshot,3,sexual
cumshots,3,sexual
cum shot,3,sexual
cum shots,3,sexual
cunnilingus,3,sexual
cunts,4,general
kunts,4,general
cuntboy,3,lgbtq
cunt-boy,3,lgbtq
cunt boy,3,lgbtq
curry muncher,3,racial
curry-muncher,3,racial
currymuncher,3,racial
damn,1,religious
darkie,3,racial
darkies,3,racial
darky,3,racial
darkey,3,racial
date rape,4,sexual
daterape,4,sexual
ddlg,3,sexual
deep throat,3,sexual
deep-throat,3,sexual
deepthroat,3,sexual
dendrophilia,3,sexual
dendrophile,3,sexual
dick,2,sexual
dickgirl,3,lgbtq
dick-girl,3,lgbtq
dick girl,3,lgbtq
dildo,3,sexual
dildos,3,sexual
dingleberry,1,general
dingleberries,1,general
dipsea,3,sexual
dirty pillows,3,sexual
dirty sanchez,3,sexual
dishabiliophilia,3,sexual
dishabiliophile,3,sexual
doggie style,3,sexual
doggy style,3,sexual
dogshit,2,general
dog-shit,2,general
dog shit,2,general
dolcett,3,sexual
domination,3,sexual
dominatrix,3,sexual
domme,3,sexual
dommes,3,sexual
donkey punch,3,sexual
donut muncher,3,lgbtq
donut puncher,3,lgbtq
double penetration,3,sexual
dp action,3,sexual
dry hump,3,sexual
dune coon,3,racial
dune-coon,3,racial
doon coon,3,racial
dooncoon,3,racial
dutch rudder,3,sexual
dyke,3,lgbtq
dystychiphilia,3,sexual
dystychiphile,3,sexual
edgeplay,3,sexual
edge play,3,sexual
ejaculate,3,sexual
ejaculation,3,sexual
ejaculating,3,sexual
ejaculated,3,sexual
electro-play,3,sexual
electroplay,3,sexual
emetophilia,3,sexual
emetophile,3,sexual
enby,3,lgbtq
eskimo trebuchet,3,sexual
eyetie,2,racial
eye-tie,2,racial
fag,3,lgbtq
fag bomb,3,lgbtq
fag-bomb,3,lgbtq
fagbomb,3,lgbtq
felch,3,sexual
felching,3,sexual
fellatio,3,sexual
fellating,3,sexual
female squirting,3,sexual
figging,3,sexual
fingerbang,3,sexual
finger bang,3,sexual
fingerbanging,3,sexual
fingering,3,sexual
fingered,3,sexual
finocchio,3,lgbtq
finochio,3,lgbtq
finoccio,3,lgbtq
fisting,3,sexual
fisted,3,sexual
footjob,3,sexual
foot-job,3,sexual
foot job,3,sexual
french rudder,3,sexual
frogeater,2,racial
frog-eater,2,racial
frog eater,2,racial
frolicme,3,sexual
frolic me,3,sexual
frotting,3,sexual
frottage,3,sexual
fuck,4,general
fucks,4,general
fucker,4,general
fucking,4,general
fuckhead,4,general
fuckheads,4,general
fucktard,4,general
fucktards,4,general
fuckwad,4,general
fuckwads,4,general
fuckwit,4,general
fuckwits,4,general
fuckwhit,4,general
fuck-wit,4,general
fudge packer,3,lgbtq
fudge-packer,3,lgbtq
fudgepacker,3,lgbtq
futanari,3,lgbtq
g-spot,3,sexual
gangbang,3,sexual
gang bang,3,sexual
gay sex,3,sexual
gaysian,3,lgbtq
genitals,1,sexual
genitorture,3,sexual
gerontophilia,3,sexual
gerontophile,3,sexual
gin jockey,2,racial
gin jocky,2,racial
girl on top,3,sexual
goatse,4,shock
goatcx,4,shock
god damn,2,religious
god-damn,2,religious
goddamn,2,religious
god damned,2,religious
god-damned,2,religious
goddamned,2,religious
gokkun,3,sexual
go-kun,3,sexual
golden shower,3,sexual
golden showers,3,sexual
yellow shower,3,sexual
yellow showers,3,sexual
golliwog,2,racial
gollywog,2,racial
gook,3,racial
gooks,3,racial
gook-eye,3,racial
gooky,3,racial
gookie,3,racial
goregasm,4,sexual
greaseball,2,racial
grey queen,3,lgbtq
gray queen,3,lgbtq
grope,3,sexual
group sex,3,sexual
gym bunny,3,lgbtq
gymbunny,3,lgbtq
haji,2,racial
hajj*i,2,racial
hadji,2,racial
hand job,3,sexual
hand-job,3,sexual
handjob,3,sexual
hell,1,religious
hermie,3,lgbtq
hickory switch,3,sexual
hippophilia,3,sexual
hippophile,3,sexual
homoerotic,3,sexual
honkey,2,racial
honky,2,racial
honkeys,2,racial
honkies,2,racial
horny,3,sexual
horseshit,2,general
horse-shit,2,general
horse shit,2,general
hot carl,3,sexual
hot richard,3,sexual
humping,3,sexual
hymie,2,racial
heimie,2,racial
impact play,3,sexual
impact-play,3,sexual
incest,4,sexual
intercourse,3,sexual
jack off,2,sexual
jack-off,2,sexual
jail bait,4,sexual
jailbait,4,sexual
jap,1,racial
jelly donut,3,sexual
jerk off,2,sexual
jerk-off,2,sexual
jerkmate,3,sexual
jerk mate,3,sexual
jesus,1,religious
jesus christ,2,religious
jizz,3,sexual
juggs,3,sexual
jungle bunny,2,racial
junglebunny,2,racial
kennebunkport surprise,3,sexual
kentucky klondike,3,sexual
kentucky tractor puller,3,sexual
kinbaku,3,sexual
kitty puncher,3,lgbtq
kitty-puncher,3,lgbtq
kittypuncher,3,lgbtq
knobbing,3,sexual
kraut,1,racial
krauts,1,racial
kynophilia,3,sexual
kynophile,3,sexual
lady boy,3,lgbtq
lady-boy,3,lgbtq
ladyboy,3,lgbtq
leather restraint,3,sexual
leather straight jacket,3,sexual
lemon party,4,shock
lemonparty,4,shock
leningrad steamer,3,sexual
lesbo,3,lgbtq
leso,3,lgbtq
lezzie,3,lgbtq
lezzies,3,lgbtq
light in the fedora,3,lgbtq
light in the loafers,3,lgbtq
light in the pants,3,lgbtq
limp wristed,3,lgbtq
limp-wristed,3,lgbtq
literotica,3,sexual
lovemaking,3,sexual
male squirting,3,sexual
male-squirting,3,sexual
masturbate,2,sexual
masturbation,2,sexual
masturbating,2,sexual
masterbate,2,sexual
masterb8,2,sexual
mayonnaise monkey,1,racial
mayonnaise monkies,1,racial
mdlb,3,sexual
meat masseuse,3,lgbtq
meatspin,4,shock
meat spin,4,shock
menage a trois,3,sexual
menage-a-trois,3,sexual
menages a trois,3,sexual
menages-a-trois,3,sexual
menophilia,3,sexual
menophile,3,sexual
mexican pancake,3,sexual
milwaukee blizzard,3,sexual
missionary position,3,sexual
mississippi birdbath,3,sexual
mr. hands,4,shock
mr hands,4,shock
mrhands,4,shock
muff diver,3,lgbtq
muff-diver,3,lgbtq
muffdiver,3,lgbtq
muffdiving,3,sexual
muff diving,3,sexual
muffdiver,3,sexual
muff diver,3,sexual
muscle mary,3,lgbtq
mvtube,3,sexual
nambla,4,sexual
necrophilia,3,sexual
necrophile,3,sexual
negro,2,racial
neonazi,2,racial
neo-nazi,2,racial
neo nazi,2,racial
nigerian hurricane,3,sexual
nipple clamps,3,sexual
nipple clamp,3,sexual
nipples,1,sexual
nipple,1,sexual
nude,3,sexual
nudity,3,sexual
nutten,3,sexual
nymphomania,3,sexual
nymphomaniac,3,sexual
nympho,3,sexual
nimphomania,3,sexual
nimphomaniac,3,sexual
nimpho,3,sexual
octopussy,3,sexual
oklahomo,3,lgbtq
omorashi,3,sexual
onlyfans,3,sexual
only fans,3,sexual
orgasm,3,sexual
orgasms,3,sexual
orgasmic,3,sexual
paedophilia,3,sexual
pedophilia,3,sexual
paedophile,3,sexual
pedophile,3,sexual
painslut,3,sexual
pain slut,3,sexual
paki,3,racial
panamanian petting zoo,3,sexual
pansy,3,lgbtq
panties,3,sexual
parthenophilia,3,sexual
parthenophile,3,sexual
pedobear,4,sexual
paedobear,4,sexual
pedo bear,4,sexual
paedo bear,4,sexual
pegging,3,sexual
penis,1,sexual
peterpuffer,3,lgbtq
peter-puffer,3,lgbtq
peter puffer,3,lgbtq
petrol sniffer,3,racial
petrol-sniffer,3,racial
petrolsniffer,3,racial
phagophilia,3,sexual
phagophile,3,sexual
piece of shit,2,general
pieces of shit,2,general
pikey,3,racial
pikeys,3,racial
piss off,2,general
piss pig,4,sexual
pisspig,4,sexual
piss pig,3,lgbtq
pisspig,3,lgbtq
pissed off,2,general
pissing,3,sexual
playboy,3,sexual
pleasure chest,3,sexual
pnigerophilia,3,sexual
pnigophilia,3,sexual
pnigerophile,3,sexual
pnigophile,3,sexual
poinephilia,3,sexual
poinephile,3,sexual
ponyboy,3,sexual
pony-boy,3,sexual
pony boy,3,sexual
ponygirl,3,sexual
pony-girl,3,sexual
pony girl,3,sexual
ponyplay,3,sexual
pony-play,3,sexual
poof,3,lgbtq
poon,3,sexual
poontang,3,sexual
poop chute,3,sexual
poopchute,3,sexual
pornhub,3,sexual
porn hub,3,sexual
pornography,2,sexual
pornographic,2,sexual
porno,2,sexual
pornos,2,sexual
porn,2,sexual
potato queen,3,lgbtq
prince albert piercing,3,sexual
proctophilia,3,sexual
proctophile,3,sexual
pubes,1,sexual
punany,3,sexual
pussy,3,general
pussy puncher,3,lgbtq
pussy-puncher,3,lgbtq
pussypuncher,3,lgbtq
queef,3,sexual
queaf,3,sexual
quim,3,sexual
raghead,3,religious
rag head,3,religious
ragheads,3,religious
rag heads,3,religious
ramen yarmulke,3,sexual
rape,4,sexual
raping,4,sexual
rapist,4,sexual
rectum,1,sexual
retard,2,general
retarded,2,general
reverse cowgirl,3,sexual
rhabdophilia,3,sexual
rhabdophile,3,sexual
rhypophilia,3,sexual
rhypophile,3,sexual
rice queen,3,lgbtq
rimjob,3,sexual
rimming,3,sexual
ring raider,3,lgbtq
ringraider,3,lgbtq
rusty trombone,3,sexual
santorum,3,sexual
scatophilia,3,sexual
scatophile,3,sexual
schlong,3,sexual
shlong,3,sexual
scissoring,3,sexual
semen,1,sexual
seplophilia,3,sexual
seplophile,3,sexual
sex,3,sexual
shaved pussy,3,sexual
shaved beaver,3,sexual
sheepshagger,2,racial
sheep shagger,2,racial
shemale,3,lgbtq
she-male,3,lgbtq
she male,3,lgbtq
shibari,3,sexual
shit,2,general
shithead,3,general
shit head,3,general
shitty,2,general
shota,4,sexual
shrimping,3,sexual
sissy,3,lgbtq
skeet,3,sexual
skittles harvest,3,sexual
skittle harvest,3,sexual
slanteye,3,racial
slant-eye,3,racial
slant eye,3,racial
snatch,1,sexual
snowballing,3,sexual
sod off,1,general
sodding,1,general
sodomize,3,sexual
sodomise,3,sexual
sodomist,3,sexual
sodomy,3,sexual
spastic,2,general
spearchucker,3,racial
spic,3,racial
spics,3,racial
spick,3,racial
spicks,3,racial
spicy gringo,3,sexual
splooge,3,sexual
splooge moose,3,sexual
spooge,3,sexual
spunk,3,sexual
strap on,3,sexual
strappado,4,sexual
swamp guinea,3,racial
swamp-guinea,3,racial
swastika,2,racial
svastika,2,racial
suastika,2,racial
switch hitter,3,lgbtq
t-girl,3,lgbtq
tgirl,3,lgbtq
taphephilia,3,sexual
taphephile,3,sexual
tea bagging,3,sexual
tea-bagging,3,sexual
tea bagged,3,sexual
tea-bagged,3,sexual
thanatophilia,3,sexual
thanatophile,3,sexual
threesome,3,sexual
throating,3,sexual
thumbzilla,3,sexual
tits,2,sexual
titty,2,sexual
titties,2,sexual
topless,3,sexual
tosser,2,general
towelhead,3,racial
towel-head,3,racial
towel head,3,racial
tranny,3,lgbtq
trannie,3,lgbtq
transbian,3,lgbtq
traumatophilia,3,sexual
traumatophile,3,sexual
tribbing,3,sexual
tribadism,3,sexual
tubgirl,4,shock
tub girl,4,shock
twat,3,general
twink,3,lgbtq
urethra play,3,sexual
urophilia,3,sexual
urophile,3,sexual
vagina,1,sexual
venus mound,1,sexual
mound of venus,1,sexual
viagra,3,sexual
vibrator,3,sexual
violet wand,3,sexual
vorarephilia,3,sexual
vorarephile,3,sexual
voyeurweb,3,sexual
wagon burner,2,racial
wagon-burner,2,racial
wank,2,sexual
wanker,2,general
wax play,3,sexual
wax-play,3,sexual
wet dream,3,sexual
wetback,3,racial
wet-back,3,racial
wet back,3,racial
whitepower,3,racial
white-power,3,racial
white power,3,racial
whore,3,general
wigger,2,racial
whigger,2,racial
wigga,2,racial
wiitwd,3,sexual
wog,1,racial
wogs,1,racial
wolfbagging,3,sexual
worldsex,3,sexual
wrapping men,3,sexual
wrinkled starfish,3,sexual
xhamster,3,sexual
xtube,3,sexual
xvideos,3,sexual
xyrophilia,3,sexual
xyrophile,3,sexual
zipperhead,3,racial
zipper-head,3,racial
zipper head,3,racial
zippocat,4,shock
zippo-cat,4,shock
zippo cat,4,shock
zoophilia,3,sexual
zoophile,3,sexual
69,1,sexual anatomy / sexual acts
@55,1,sexual anatomy / sexual acts
@ssfcker,3,sexual anatomy / sexual acts
@ssfucker,3,sexual anatomy / sexual acts
@ssfvcker,2,sexual anatomy / sexual acts
@sshole,2,sexual anatomy / sexual acts
0ral seks,1,sexual anatomy / sexual acts
0ral sex,2,sexual anatomy / sexual acts
0rg@sm,1,sexual anatomy / sexual acts
0rgasms,1,sexual anatomy / sexual acts
3jakulating,2,sexual anatomy / sexual acts
4r5e,1,sexual anatomy / sexual acts
4r5ed,1,sexual anatomy / sexual acts
4r5es,1,sexual anatomy / sexual acts
4skin,1,sexual anatomy / sexual acts
5h17,1,bodily fluids / excrement
5h1t,1,bodily fluids / excrement
5kank,2,sexual orientation / gender
a_s_s,1,sexual anatomy / sexual acts
abbie,1,racial / ethnic slurs
abeed,2,racial / ethnic slurs
aboe,1,racial / ethnic slurs
anal,1,sexual anatomy / sexual acts
anal hole,2,sexual anatomy / sexual acts
anal hore,2,sexual anatomy / sexual acts
anal pirate,2,sexual anatomy / sexual acts
analingus,2,sexual anatomy / sexual acts
analplug,2,sexual anatomy / sexual acts
analplugs,2,sexual anatomy / sexual acts
anilingus,2,sexual anatomy / sexual acts
animal fucker,3,sexual anatomy / sexual acts
anus,1,sexual anatomy / sexual acts
anus plug,2,sexual anatomy / sexual acts
ape shit,2,bodily fluids / excrement
ape shite,2,bodily fluids / excrement
apeshit,1,bodily fluids / excrement
apeshite,1,bodily fluids / excrement
ar5e,1,sexual anatomy / sexual acts
ar5ehole,1,sexual anatomy / sexual acts
arse,1,sexual anatomy / sexual acts
arse gobbler,2,sexual anatomy / sexual acts
arse hole,1,sexual anatomy / sexual acts
arse-bandit,2,sexual orientation / gender
arse-bandits,2,sexual anatomy / sexual acts
arse-fucker,3,sexual anatomy / sexual acts
arse-fuckers,3,sexual anatomy / sexual acts
arse-hole,2,sexual anatomy / sexual acts
arse-shagger,2,sexual anatomy / sexual acts
arsefuck,3,sexual anatomy / sexual acts
arsefucker,3,sexual anatomy / sexual acts
arsehole,1,sexual anatomy / sexual acts
arseshit,2,sexual anatomy / sexual acts
arsewipe,1,sexual anatomy / sexual acts
ashole,2,sexual anatomy / sexual acts
ass,1,sexual anatomy / sexual acts
ass bandit,2,sexual anatomy / sexual acts
ass eating boiolas,3,sexual anatomy / sexual acts
ass eating nob jokeys,3,sexual anatomy / sexual acts
ass fecker,3,sexual anatomy / sexual acts
ass fuck,3,sexual anatomy / sexual acts
ass fucker,3,sexual anatomy / sexual acts
ass fucking boiolas,3,sexual anatomy / sexual acts
ass fucking nob jokeys,3,sexual anatomy / sexual acts
ass hole,1,sexual anatomy / sexual acts
ass kisser,1,sexual anatomy / sexual acts
ass licking,2,sexual anatomy / sexual acts
ass muncher,2,sexual anatomy / sexual acts
ass-bandit,2,sexual anatomy / sexual acts
ass-fucker,3,sexual anatomy / sexual acts
ass-fuckers,3,sexual anatomy / sexual acts
ass-hole,2,sexual anatomy / sexual acts
asses,1,sexual anatomy / sexual acts
assface,2,sexual anatomy / sexual acts
assfck,3,sexual anatomy / sexual acts
assfcker,3,sexual anatomy / sexual acts
assfk,2,sexual anatomy / sexual acts
assfkcer,3,sexual anatomy / sexual acts
assfker,2,sexual anatomy / sexual acts
assfkr,2,sexual anatomy / sexual acts
assfook,3,sexual anatomy / sexual acts
assfuccer,2,sexual anatomy / sexual acts
assfuck,3,sexual anatomy / sexual acts
assfuck3r,3,sexual anatomy / sexual acts
assfucker,3,sexual anatomy / sexual acts
assfuckers,3,sexual anatomy / sexual acts
assfuckerz,2,sexual anatomy / sexual acts
assfukah,2,sexual anatomy / sexual acts
assfukka,3,sexual anatomy / sexual acts
assfukker,3,sexual anatomy / sexual acts
assfukkerz,3,sexual anatomy / sexual acts
assfvck3r,3,sexual anatomy / sexual acts
assfvcker,3,sexual anatomy / sexual acts
asshat,1,sexual anatomy / sexual acts
asshol3,2,sexual anatomy / sexual acts
asshole,1,sexual anatomy / sexual acts
asshole fucker,3,sexual anatomy / sexual acts
assholes,2,sexual anatomy / sexual acts
assmunch,2,sexual anatomy / sexual acts
assmuncher,2,sexual anatomy / sexual acts
asswhole,1,sexual anatomy / sexual acts
asswipe,2,sexual anatomy / sexual acts
axe wound,1,sexual anatomy / sexual acts
azz,1,sexual anatomy / sexual acts
azzhole,2,sexual anatomy / sexual acts
b to the inch,1,sexual orientation / gender
b！tch,1,sexual orientation / gender
b00bz,1,sexual anatomy / sexual acts
b0llock,1,sexual anatomy / sexual acts
b0llocks,1,sexual anatomy / sexual acts
b1+ch,1,sexual orientation / gender
b17ch,1,sexual orientation / gender
b1otch,1,sexual orientation / gender
b1otchs,1,sexual orientation / gender
b1tch,1,sexual orientation / gender
b1tch1ng,1,sexual orientation / gender
b1tch35,1,sexual orientation / gender
b1tch3s,1,sexual orientation / gender
b1tchees,1,sexual orientation / gender
b1tches,1,sexual orientation / gender
b1tchez,1,sexual orientation / gender
b1tchin,1,other / general insult
b1tching,1,sexual orientation / gender
b1tchs,1,sexual orientation / gender
b1tchy,1,sexual orientation / gender
baby batter,1,bodily fluids / excrement
ballbag,1,sexual anatomy / sexual acts
bangbros,2,sexual anatomy / sexual acts
bassturd,1,other / general insult
bastard,1,other / general insult
bastardish,1,other / general insult
bastards,2,other / general insult
basterd,1,other / general insult
bastid,1,other / general insult
bastinado,2,other / general insult
basturd,1,bodily fluids / excrement
bater,2,sexual anatomy / sexual acts
bates,1,sexual anatomy / sexual acts
batshit,1,bodily fluids / excrement
batshite,1,bodily fluids / excrement
bbc,1,sexual anatomy / sexual acts
bean queen,2,racial / ethnic slurs
beaner,3,racial / ethnic slurs
beaners,3,racial / ethnic slurs
beat my meat,1,sexual anatomy / sexual acts
beat off,1,sexual anatomy / sexual acts
beat the meat,1,sexual anatomy / sexual acts
beat your meat,1,sexual anatomy / sexual acts
beeotch,1,sexual orientation / gender
bell end,1,mental disability
bellend,1,sexual anatomy / sexual acts
bender,2,sexual orientation / gender
bewbs,1,sexual anatomy / sexual acts
beyoch,1,sexual orientation / gender
beyotch,1,other / general insult
bi + ch,1,sexual orientation / gender
bi+ch,1,sexual orientation / gender
biatch,1,sexual orientation / gender
biches,1,sexual orientation / gender
biotch,1,sexual orientation / gender
biotches,1,sexual orientation / gender
biotchez,1,sexual orientation / gender
bishes,1,sexual orientation / gender
bitch,1,sexual orientation / gender
bitch3s,1,sexual orientation / gender
bitchass,2,sexual orientation / gender
bitchasses,2,sexual anatomy / sexual acts
bitched,1,sexual orientation / gender
bitcher,1,sexual orientation / gender
bitchers,1,sexual orientation / gender
bitches,2,sexual orientation / gender
bitchez,1,sexual orientation / gender
bitchfuck,2,sexual anatomy / sexual acts
bitchhole,2,sexual anatomy / sexual acts
bitchin,1,other / general insult
bitchin',1,other / general insult
bitching,1,sexual orientation / gender
bitchlike,1,sexual orientation / gender
bitchness,2,sexual orientation / gender
bitchs,1,sexual orientation / gender
bitchslap,1,sexual orientation / gender
bitchtits,2,sexual anatomy / sexual acts
bitchy,1,sexual orientation / gender
bitchy ass,2,sexual anatomy / sexual acts
bizzach,2,sexual orientation / gender
BJ,2,sexual anatomy / sexual acts
blacky,2,racial / ethnic slurs
blow a load,2,bodily fluids / excrement
blow job,2,sexual anatomy / sexual acts
blowjob,1,sexual anatomy / sexual acts
blumpkin boy,2,sexual anatomy / sexual acts
boll0ck,1,sexual anatomy / sexual acts
bollock,1,sexual anatomy / sexual acts
bollockchops,1,sexual anatomy / sexual acts
bollocks,1,sexual anatomy / sexual acts
bollocktician,1,sexual anatomy / sexual acts
bollox,1,sexual anatomy / sexual acts
bondage,1,sexual anatomy / sexual acts
boner,1,sexual anatomy / sexual acts
bonk juice,2,bodily fluids / excrement
boobs,1,sexual anatomy / sexual acts
booty,1,sexual anatomy / sexual acts
breasticles,1,sexual anatomy / sexual acts
breasts,1,sexual anatomy / sexual acts
bugger,1,sexual anatomy / sexual acts
bugger off,1,sexual anatomy / sexual acts
bull shit,1,bodily fluids / excrement
bullshi,1,bodily fluids / excrement
bullshit,1,bodily fluids / excrement
bullshite,1,bodily fluids / excrement
bum-bandits,2,sexual orientation / gender
bum-driller,3,sexual anatomy / sexual acts
bumhole,1,sexual anatomy / sexual acts
bung hole,1,sexual anatomy / sexual acts
butt fuck,2,sexual anatomy / sexual acts
butt fucker,3,sexual anatomy / sexual acts
butt hole,1,sexual anatomy / sexual acts
butt pirate,2,sexual orientation / gender
butt-fucker,2,sexual anatomy / sexual acts
butt-fuckers,3,sexual anatomy / sexual acts
butt-fucking-bandit,3,sexual anatomy / sexual acts
butt-munchers,2,sexual anatomy / sexual acts
buttermilk,1,racial / ethnic slurs
buttfuck,2,sexual anatomy / sexual acts
buttfucker,3,sexual anatomy / sexual acts
buttfuckers,3,sexual anatomy / sexual acts
butthole,1,sexual anatomy / sexual acts
butthole boy,3,sexual anatomy / sexual acts
bwc,1,sexual anatomy / sexual acts
c*nt,3,sexual anatomy / sexual acts
c*ntface,3,sexual anatomy / sexual acts
c*nts,3,sexual orientation / gender
c*nty,3,sexual anatomy / sexual acts
c00n,3,racial / ethnic slurs
c00nies,3,racial / ethnic slurs
c0ck,1,sexual anatomy / sexual acts
c0ckhead,2,sexual anatomy / sexual acts
c0cks,2,sexual anatomy / sexual acts
c0cksuccer,2,sexual anatomy / sexual acts
c0cksucked,2,sexual anatomy / sexual acts
c0cksucker,2,sexual anatomy / sexual acts
c0cksuckers,2,sexual anatomy / sexual acts
c0x,1,sexual anatomy / sexual acts
c0xux0r,2,sexual anatomy / sexual acts
caaak,1,sexual anatomy / sexual acts
caca,1,bodily fluids / excrement
cack,1,bodily fluids / excrement
cagone,1,bodily fluids / excrement
cajones,1,sexual anatomy / sexual acts
Camel jockey,3,racial / ethnic slurs
cameltoe,1,sexual anatomy / sexual acts
carpet muncher,2,sexual anatomy / sexual acts
carpetmuncher,3,sexual anatomy / sexual acts
carpetmunchers,2,sexual orientation / gender
carpetmunching,2,sexual anatomy / sexual acts
cawk,1,sexual anatomy / sexual acts
cawk muncher,2,sexual anatomy / sexual acts
cawkmuncher,2,sexual anatomy / sexual acts
cawks,1,sexual anatomy / sexual acts
cawksucker,3,sexual anatomy / sexual acts
ch1nk,3,racial / ethnic slurs
chesticles,1,sexual anatomy / sexual acts
china-virus,2,political
chinavirus,3,political
chinese-virus,3,political
chingchong,3,racial / ethnic slurs
chink,3,racial / ethnic slurs
chinky,3,racial / ethnic slurs
choad nectar,2,bodily fluids / excrement
chocha,2,sexual anatomy / sexual acts
choke the chicken,1,sexual anatomy / sexual acts
cholo,2,racial / ethnic slurs
clitlickers,2,sexual anatomy / sexual acts
closet fuckhead,3,sexual orientation / gender
clusterfuck,2,sexual anatomy / sexual acts
clusterfucked,2,sexual anatomy / sexual acts
clusterfucker,2,sexual anatomy / sexual acts
clusterfucking,2,sexual anatomy / sexual acts
clusterfucks,2,sexual anatomy / sexual acts
cobb knobbler,2,sexual anatomy / sexual acts
cock,1,sexual anatomy / sexual acts
cock droplets,2,bodily fluids / excrement
cock head,2,sexual anatomy / sexual acts
cock jockey,2,sexual anatomy / sexual acts
cock knocker,2,sexual anatomy / sexual acts
cock licker,2,sexual anatomy / sexual acts
cock munch,2,sexual anatomy / sexual acts
cock rider,2,sexual anatomy / sexual acts
cock smoker,2,sexual anatomy / sexual acts
cock snot,2,sexual anatomy / sexual acts
cock suck,2,sexual anatomy / sexual acts
cock sucker,2,sexual anatomy / sexual acts
cock sucking,2,sexual anatomy / sexual acts
cock sucking boiolas,3,sexual anatomy / sexual acts
cock sucking nob jokeys,3,sexual anatomy / sexual acts
cock tease,2,sexual anatomy / sexual acts
cock-face,2,sexual anatomy / sexual acts
cock-gobbler,2,sexual anatomy / sexual acts
cock-head,2,sexual anatomy / sexual acts
cock-sucker,2,sexual anatomy / sexual acts
cock-suckers,2,sexual anatomy / sexual acts
cockboy,2,sexual anatomy / sexual acts
cockeater,2,sexual anatomy / sexual acts
cockface,2,sexual anatomy / sexual acts
cockgobbler,2,sexual anatomy / sexual acts
cockh3ad,2,sexual anatomy / sexual acts
cockhead,2,sexual anatomy / sexual acts
cockheads,2,sexual anatomy / sexual acts
cockhed,2,sexual anatomy / sexual acts
cockless,1,sexual anatomy / sexual acts
cocklicker,2,sexual anatomy / sexual acts
cockmonger,2,sexual anatomy / sexual acts
cockmunch,2,sexual anatomy / sexual acts
cockmuncher,2,sexual anatomy / sexual acts
cocks,2,sexual anatomy / sexual acts
cockshit,2,sexual anatomy / sexual acts
cockskin,2,sexual anatomy / sexual acts
cocksmoker,2,sexual anatomy / sexual acts
cocksucc,2,sexual anatomy / sexual acts
cocksuccas,2,sexual anatomy / sexual acts
cocksuccer,2,sexual anatomy / sexual acts
cocksuccers,2,sexual anatomy / sexual acts
cocksuck,2,sexual anatomy / sexual acts
cocksuckas,2,sexual anatomy / sexual acts
cocksucked,2,sexual anatomy / sexual acts
cocksucker,2,sexual anatomy / sexual acts
cocksuckers,2,sexual anatomy / sexual acts
cocksucking,2,sexual anatomy / sexual acts
cocksucking mothafuckers,3,sexual anatomy / sexual acts
cocksucks,2,sexual anatomy / sexual acts
cocksuk,2,sexual anatomy / sexual acts
cocksuka,2,sexual anatomy / sexual acts
cocksukka,2,sexual anatomy / sexual acts
cocsuck,2,sexual anatomy / sexual acts
cokmuncher,2,sexual anatomy / sexual acts
coksucka,2,sexual anatomy / sexual acts
coolie,2,racial / ethnic slurs
coon,3,racial / ethnic slurs
coon1es,3,racial / ethnic slurs
cooni3s,2,racial / ethnic slurs
coonie,3,racial / ethnic slurs
coonies,3,racial / ethnic slurs
coons,3,racial / ethnic slurs
coot,2,sexual anatomy / sexual acts
coot coot,1,sexual anatomy / sexual acts
cooter,1,sexual anatomy / sexual acts
cooter shooting,3,sexual anatomy / sexual acts
cooterpuffing,2,sexual anatomy / sexual acts
cooties,1,other / general insult
cotton picker,3,racial / ethnic slurs
crazy mofos,1,sexual anatomy / sexual acts
crazy sob,1,mental disability
creampie,2,sexual anatomy / sexual acts
crotch,1,sexual anatomy / sexual acts
crotch fiddler,2,sexual anatomy / sexual acts
crotchy,1,sexual anatomy / sexual acts
crow,1,animal references
crows,1,sexual orientation / gender
cuksuker,2,sexual anatomy / sexual acts
cuksukka,2,sexual anatomy / sexual acts
cum goon,2,sexual anatomy / sexual acts
cumball,2,bodily fluids / excrement
cumdumpster,3,bodily fluids / excrement
cumming,2,bodily fluids / excrement
cums,1,bodily fluids / excrement
cumslut,3,bodily fluids / excrement
cumz,2,bodily fluids / excrement
cunnilingus,2,sexual anatomy / sexual acts
cunt,3,sexual anatomy / sexual acts
cunt ass,3,sexual anatomy / sexual acts
cunt fart,3,sexual anatomy / sexual acts
cunt lick,3,sexual anatomy / sexual acts
cunt licker,3,sexual anatomy / sexual acts
cunt lips,3,sexual anatomy / sexual acts
cuntasaurus rex,3,sexual anatomy / sexual acts
cuntbag,3,sexual anatomy / sexual acts
cuntbollock,2,sexual anatomy / sexual acts
cuntelope,2,sexual anatomy / sexual acts
cuntits,3,sexual anatomy / sexual acts
cuntless,3,sexual anatomy / sexual acts
cuntlick,3,sexual anatomy / sexual acts
cuntlicker,2,sexual anatomy / sexual acts
cuntlickers,3,sexual anatomy / sexual acts
cuntness,3,sexual anatomy / sexual acts
cunts,3,sexual anatomy / sexual acts
cunty,3,sexual anatomy / sexual acts
cuntz,3,sexual anatomy / sexual acts
cuunt,3,sexual anatomy / sexual acts
cyberfck,2,sexual anatomy / sexual acts
cyberfcks,2,sexual anatomy / sexual acts
cyberfuccs,2,sexual anatomy / sexual acts
cyberfucks,2,sexual anatomy / sexual acts
cyberfucs,2,sexual anatomy / sexual acts
cyberfukk,2,sexual anatomy / sexual acts
cyberfukks,2,sexual anatomy / sexual acts
cyberfvcks,2,sexual anatomy / sexual acts
d!ck,1,sexual anatomy / sexual acts
d!cks,1,sexual anatomy / sexual acts
d!ld0,1,sexual anatomy / sexual acts
d!ldo,1,sexual anatomy / sexual acts
d0ggy style,2,sexual anatomy / sexual acts
d1ck,1,sexual anatomy / sexual acts
d1ckhead,2,sexual anatomy / sexual acts
d1ckheads,2,sexual anatomy / sexual acts
d1cks,1,sexual anatomy / sexual acts
d1cksucker,2,sexual anatomy / sexual acts
d1cksukka,2,sexual anatomy / sexual acts
d1ckz,1,sexual anatomy / sexual acts
d1ldo,1,sexual anatomy / sexual acts
dafuq,2,sexual anatomy / sexual acts
dago,2,racial / ethnic slurs
darkass,3,racial / ethnic slurs
darkfuck,2,sexual anatomy / sexual acts
darkie,3,racial / ethnic slurs
darkshit,3,bodily fluids / excrement
darktard,3,racial / ethnic slurs
darky,3,racial / ethnic slurs
dick breath,2,sexual anatomy / sexual acts
dick face,2,sexual anatomy / sexual acts
dick fucker,3,sexual anatomy / sexual acts
dick head,2,sexual anatomy / sexual acts
dick licker,2,sexual anatomy / sexual acts
dick milker,2,sexual anatomy / sexual acts
dick nibbler,2,sexual anatomy / sexual acts
dick smoker,2,sexual anatomy / sexual acts
dick sucker,2,sexual anatomy / sexual acts
dick-face,2,sexual anatomy / sexual acts
dick-gobbler,2,sexual anatomy / sexual acts
dick-head,2,sexual anatomy / sexual acts
dickface,2,sexual anatomy / sexual acts
dickfucker,3,sexual anatomy / sexual acts
dickhead,2,sexual anatomy / sexual acts
dickheads,2,sexual anatomy / sexual acts
dickjockies,2,sexual anatomy / sexual acts
dickless,1,sexual anatomy / sexual acts
dicklicker,2,sexual anatomy / sexual acts
dickmuncher,2,sexual anatomy / sexual acts
dicks,1,sexual anatomy / sexual acts
dickskin,2,sexual anatomy / sexual acts
dickslapper,2,sexual anatomy / sexual acts
dicksmoker,3,sexual anatomy / sexual acts
dicksucker,2,sexual anatomy / sexual acts
dickvag,2,sexual anatomy / sexual acts
dickz,1,sexual anatomy / sexual acts
diddle,1,sexual anatomy / sexual acts
dikhead,2,sexual anatomy / sexual acts
diks,1,sexual anatomy / sexual acts
dild0,1,sexual anatomy / sexual acts
dipsh1t,2,mental disability
dipsh1tty,2,bodily fluids / excrement
dipshat,1,bodily fluids / excrement
dipshidiot,2,bodily fluids / excrement
dipshit,1,bodily fluids / excrement
dipshite,2,bodily fluids / excrement
dipshits,2,bodily fluids / excrement
dipshitter,2,bodily fluids / excrement
dipshitty,2,bodily fluids / excrement
dipstick,1,sexual anatomy / sexual acts
dirty sanchez,2,sexual anatomy / sexual acts
dix,1,sexual anatomy / sexual acts
dlck,1,sexual anatomy / sexual acts
dlcks,1,sexual anatomy / sexual acts
dog fuck,3,sexual anatomy / sexual acts
dog fucker,3,sexual anatomy / sexual acts
dog fucking,3,sexual anatomy / sexual acts
dog shit,1,bodily fluids / excrement
dog-fucker,3,sexual anatomy / sexual acts
dog's bollocks,1,sexual anatomy / sexual acts
doggo style,1,sexual anatomy / sexual acts
doggy style,1,sexual anatomy / sexual acts
doggy_style,1,sexual anatomy / sexual acts
dogie style,1,sexual anatomy / sexual acts
dogsh1t,1,bodily fluids / excrement
dogsh1ts,1,bodily fluids / excrement
dogshit,1,bodily fluids / excrement
dogshits,1,bodily fluids / excrement
dogstyle,1,sexual anatomy / sexual acts
dolt,1,mental disability
dong,1,sexual anatomy / sexual acts
doosh,1,bodily fluids / excrement
dothead,3,racial / ethnic slurs
double dick,2,sexual anatomy / sexual acts
double dicking,2,sexual anatomy / sexual acts
double pen,1,sexual anatomy / sexual acts
double-dong,1,sexual anatomy / sexual acts
douche,1,sexual anatomy / sexual acts
douche bag,1,other / general insult
douche canoe,1,sexual anatomy / sexual acts
douchebag,1,sexual anatomy / sexual acts
dumasses,1,sexual anatomy / sexual acts
dumb bastard,1,other / general insult
dumb fucker,2,sexual anatomy / sexual acts
dumb@ss,1,sexual anatomy / sexual acts
dumbarrassed,1,mental disability
dumbass,1,mental disability
dumbass fucker,3,sexual anatomy / sexual acts
dumbass mofoes,2,sexual anatomy / sexual acts
dumbass mothafuckers,3,sexual anatomy / sexual acts
dumbass son-of-a-bitch,2,sexual anatomy / sexual acts
dumbasses,1,sexual anatomy / sexual acts
dumbfucks,2,sexual anatomy / sexual acts
dumbshit,2,bodily fluids / excrement
dump a load,2,bodily fluids / excrement
dune coon,3,racial / ethnic slurs
dyke,3,sexual orientation / gender
erectoplasm,2,bodily fluids / excrement
f_u_c_k,2,sexual anatomy / sexual acts
f'ed,2,sexual anatomy / sexual acts
f'er,2,sexual anatomy / sexual acts
f@ck,2,sexual anatomy / sexual acts
f@cker bunny,2,sexual anatomy / sexual acts
f@g,3,sexual orientation / gender
f@gg0t,3,sexual orientation / gender
f@gging,3,sexual orientation / gender
f@ggot,3,sexual orientation / gender
f@gs,3,sexual orientation / gender
f@gshit,3,sexual orientation / gender
f@k,2,sexual anatomy / sexual acts
f0ck,2,sexual anatomy / sexual acts
f0cked,2,sexual anatomy / sexual acts
f0cker,2,sexual anatomy / sexual acts
f0ckers,2,sexual anatomy / sexual acts
face fuck,3,sexual anatomy / sexual acts
fack,1,sexual anatomy / sexual acts
fackuhs,2,sexual anatomy / sexual acts
fag,3,sexual orientation / gender
fag asses,3,sexual orientation / gender
fag bag,3,sexual orientation / gender
fag hag,3,sexual orientation / gender
fag queen,3,sexual orientation / gender
fag0t,3,sexual orientation / gender
faget,3,sexual orientation / gender
fagg0t,3,sexual orientation / gender
fagging,3,sexual orientation / gender
faggo,3,sexual orientation / gender
faggot,3,sexual orientation / gender
faggot mofoes,3,sexual anatomy / sexual acts
faggot mothafuckers,3,sexual anatomy / sexual acts
faggot nob jokeys,3,sexual anatomy / sexual acts
faggot nobjockies,3,sexual orientation / gender
faggot son-of-a-bitch,3,sexual orientation / gender
faggoting,3,sexual orientation / gender
faggots,3,sexual orientation / gender
faggs,3,sexual orientation / gender
faggy,3,sexual orientation / gender
fagot,3,sexual orientation / gender
fags,3,sexual orientation / gender
fagshit,3,bodily fluids / excrement
fart-fucker,2,sexual anatomy / sexual acts
fatass,1,sexual anatomy / sexual acts
fatasses,1,sexual anatomy / sexual acts
fccuker,2,sexual anatomy / sexual acts
fck,2,sexual anatomy / sexual acts
fck you,2,sexual anatomy / sexual acts
fcka,2,sexual anatomy / sexual acts
fckahz,2,sexual anatomy / sexual acts
fcked,2,sexual anatomy / sexual acts
fckedup,2,sexual anatomy / sexual acts
fcker,2,sexual anatomy / sexual acts
fckin,2,sexual anatomy / sexual acts
fcking,2,sexual anatomy / sexual acts
Fckk,2,sexual anatomy / sexual acts
fckked,2,sexual anatomy / sexual acts
fckking,2,sexual anatomy / sexual acts
fcks,2,sexual anatomy / sexual acts
fcktard,3,sexual anatomy / sexual acts
fckyeah,2,other / general insult
fcuk,2,sexual anatomy / sexual acts
fcuked,2,sexual anatomy / sexual acts
fcuker,2,sexual anatomy / sexual acts
fcukers,2,sexual anatomy / sexual acts
fcuking,2,sexual anatomy / sexual acts
fcukker,2,sexual anatomy / sexual acts
fcuks,2,sexual anatomy / sexual acts
fcvking,2,sexual anatomy / sexual acts
feck,2,sexual anatomy / sexual acts
feck arse,2,sexual anatomy / sexual acts
fecker,2,sexual anatomy / sexual acts
feg,2,sexual orientation / gender
fellatio aficionado,2,sexual anatomy / sexual acts
fellator,2,sexual anatomy / sexual acts
fick,2,sexual anatomy / sexual acts
finger,1,sexual anatomy / sexual acts
finger fuck,3,sexual anatomy / sexual acts
fingerbanged,2,sexual anatomy / sexual acts
fingerpop,1,sexual anatomy / sexual acts
fk bunny,2,sexual anatomy / sexual acts
fkbny,2,sexual anatomy / sexual acts
fked,2,sexual anatomy / sexual acts
fker,2,sexual anatomy / sexual acts
fking,2,sexual anatomy / sexual acts
fkings,2,sexual anatomy / sexual acts
fkker,2,sexual anatomy / sexual acts
flamer,2,sexual orientation / gender
flamers,3,sexual orientation / gender
focker,2,sexual anatomy / sexual acts
fook,2,sexual anatomy / sexual acts
fooker,2,sexual anatomy / sexual acts
fookuh,2,sexual anatomy / sexual acts
forked,1,sexual anatomy / sexual acts
fothermuckers,2,sexual anatomy / sexual acts
fuc,2,sexual anatomy / sexual acts
fucc,2,sexual anatomy / sexual acts
fucca,2,sexual anatomy / sexual acts
fuccers,2,sexual anatomy / sexual acts
fuccing,3,sexual anatomy / sexual acts
fuccs,2,sexual anatomy / sexual acts
Fuck,2,sexual anatomy / sexual acts
fuck arse,2,sexual anatomy / sexual acts
fuck face,2,sexual anatomy / sexual acts
fuck faces,2,sexual anatomy / sexual acts
fuck goblin,2,sexual anatomy / sexual acts
fuck head,2,sexual anatomy / sexual acts
fuck off,2,sexual anatomy / sexual acts
fuck up,2,sexual anatomy / sexual acts
fuck y0u,2,sexual anatomy / sexual acts
fuck you,2,sexual anatomy / sexual acts
fuck your,2,sexual anatomy / sexual acts
fuck your mother,3,sexual anatomy / sexual acts
fucka,2,sexual anatomy / sexual acts
fuckahs,2,sexual anatomy / sexual acts
fuckass,2,sexual anatomy / sexual acts
fuckasses,2,sexual anatomy / sexual acts
fuckaz,2,sexual anatomy / sexual acts
fuckbag,3,sexual anatomy / sexual acts
fuckboy,3,sexual anatomy / sexual acts
fucked,2,sexual anatomy / sexual acts
fucked up,2,sexual anatomy / sexual acts
fuckem,2,sexual anatomy / sexual acts
fucker,2,sexual anatomy / sexual acts
fucker off,2,sexual anatomy / sexual acts
fuckers,2,sexual anatomy / sexual acts
fuckface,2,sexual anatomy / sexual acts
fuckfaces,2,sexual anatomy / sexual acts
fuckhead,2,sexual anatomy / sexual acts
fuckheaded,3,sexual anatomy / sexual acts
fuckheads,3,sexual anatomy / sexual acts
fuckin,2,sexual anatomy / sexual acts
fucking,2,sexual anatomy / sexual acts
fucking A,2,sexual anatomy / sexual acts
fucking asshole,3,sexual anatomy / sexual acts
fucking bastard,2,sexual anatomy / sexual acts
fucking hell,2,sexual anatomy / sexual acts
fucking me,2,sexual anatomy / sexual acts
fucking retard,3,sexual anatomy / sexual acts
fucking shit,2,sexual anatomy / sexual acts
fuckk,2,sexual anatomy / sexual acts
fuckless,2,sexual anatomy / sexual acts
fuckmachine,2,sexual anatomy / sexual acts
fucknuckle,2,sexual anatomy / sexual acts
fucks,2,sexual anatomy / sexual acts
fuckshit,2,sexual anatomy / sexual acts
fuckshitface,2,sexual anatomy / sexual acts
fuckshithead,3,sexual anatomy / sexual acts
fuckstar,2,sexual anatomy / sexual acts
fuckster,2,sexual anatomy / sexual acts
fuckstick,2,sexual anatomy / sexual acts
fucktard,3,sexual anatomy / sexual acts
fucktards,3,sexual anatomy / sexual acts
fuckup,2,sexual anatomy / sexual acts
fuckwad,2,sexual anatomy / sexual acts
fuckwhore,3,sexual anatomy / sexual acts
fucs,2,sexual anatomy / sexual acts
fucx,2,sexual anatomy / sexual acts
fudgefucker,3,sexual anatomy / sexual acts
fudgepacker,2,sexual orientation / gender
fudgepackers,2,sexual anatomy / sexual acts
fudgepackershitter,3,sexual anatomy / sexual acts
fudgepacking fucker,3,sexual anatomy / sexual acts
fugged,2,sexual anatomy / sexual acts
fugger,2,sexual anatomy / sexual acts
fuggerz,3,sexual anatomy / sexual acts
fuggings,2,sexual anatomy / sexual acts
fugly,1,physical attributes
fuk,2,sexual anatomy / sexual acts
fuk1n,2,sexual anatomy / sexual acts
fuk1ng,2,sexual anatomy / sexual acts
fukcs,2,sexual anatomy / sexual acts
fuker,2,sexual anatomy / sexual acts
fukheads,2,sexual anatomy / sexual acts
fukin,2,sexual anatomy / sexual acts
fuking,2,sexual anatomy / sexual acts
fukk,2,sexual anatomy / sexual acts
fukka,2,sexual anatomy / sexual acts
fukked,2,sexual anatomy / sexual acts
fukker,2,sexual anatomy / sexual acts
fukkers,2,sexual anatomy / sexual acts
fukking,2,sexual anatomy / sexual acts
fukkings,2,sexual anatomy / sexual acts
fukkuh,2,sexual anatomy / sexual acts
fuks,2,sexual anatomy / sexual acts
fuku,3,sexual anatomy / sexual acts
fukwhore,3,sexual anatomy / sexual acts
fukwit,2,sexual anatomy / sexual acts
full of shit,1,bodily fluids / excrement
funbags,1,sexual anatomy / sexual acts
fuq,2,sexual anatomy / sexual acts
futhamucka,3,sexual anatomy / sexual acts
fux,2,sexual anatomy / sexual acts
fux0r,2,sexual anatomy / sexual acts
fvck,2,sexual anatomy / sexual acts
fvck you,2,sexual anatomy / sexual acts
fvcka,2,sexual anatomy / sexual acts
fvckbunny,2,sexual anatomy / sexual acts
fvcker,2,sexual anatomy / sexual acts
fvckers,2,sexual anatomy / sexual acts
fvckin,2,sexual anatomy / sexual acts
fvcking,2,sexual anatomy / sexual acts
fvckker bunny,2,sexual anatomy / sexual acts
fvckwhi,2,sexual anatomy / sexual acts
fxck,2,sexual anatomy / sexual acts
fxcked,2,sexual anatomy / sexual acts
fxcker,2,sexual anatomy / sexual acts
fxcking,2,sexual anatomy / sexual acts
g@y b1tch,3,sexual orientation / gender
g@ylord,2,sexual orientation / gender
g@yshit,3,sexual orientation / gender
g0ddamn,1,religious offense
g0ddamned,2,religious offense
g0ddamnit,1,religious offense
gash-stabber,2,sexual anatomy / sexual acts
gay ass,3,sexual anatomy / sexual acts
gay bitch,3,sexual orientation / gender
gay fuck,3,sexual orientation / gender
gay fucker,3,sexual anatomy / sexual acts
gay shit,2,bodily fluids / excrement
gay wad,2,sexual orientation / gender
gayest,1,sexual orientation / gender
gaylord,2,sexual orientation / gender
gaylords,2,sexual orientation / gender
gayness,1,sexual orientation / gender
gaysian,3,sexual orientation / gender
gaytard,3,sexual orientation / gender
geebag,2,sexual orientation / gender
get fucked,2,sexual anatomy / sexual acts
gin jockey,2,sexual anatomy / sexual acts
girlieboy,1,sexual orientation / gender
girly bits,1,sexual anatomy / sexual acts
girlyboy,1,sexual orientation / gender
go fuck yourself,3,sexual anatomy / sexual acts
go to hell,1,other / general insult
gobshite,2,bodily fluids / excrement
god dammit,2,religious offense
god damn,1,religious offense
god damn it,2,religious offense
god damned,1,religious offense
god damnit,2,religious offense
god-dam,1,religious offense
god-damned,1,religious offense
godamnit,2,religious offense
godd@amn,1,religious offense
godd@mnit,1,religious offense
goddammit,1,religious offense
goddamn,2,religious offense
goddamn mothafuckers,3,sexual anatomy / sexual acts
goddamn son of a bitch,2,religious offense
goddamn son-of-a-bitch,1,religious offense
goddamned,2,religious offense
goddamnit,2,religious offense
gook,3,racial / ethnic slurs
gowl,2,other / general insult
greaser,1,racial / ethnic slurs
groid,2,racial / ethnic slurs
groper,1,sexual anatomy / sexual acts
gyp,2,racial / ethnic slurs
harry palms,2,sexual anatomy / sexual acts
heeb,2,racial / ethnic slurs
higg@,3,racial / ethnic slurs
higg3r,3,racial / ethnic slurs
higga,3,racial / ethnic slurs
higger,3,racial / ethnic slurs
higgers,3,racial / ethnic slurs
hoar,2,sexual orientation / gender
hoe,2,sexual orientation / gender
hoe-asses,2,sexual orientation / gender
hoebag,2,sexual orientation / gender
hoes,2,sexual orientation / gender
holy fuck,2,sexual anatomy / sexual acts
homo,2,sexual orientation / gender
homo asses,3,sexual anatomy / sexual acts
homos,2,sexual orientation / gender
hooters,1,sexual anatomy / sexual acts
horse shit,1,bodily fluids / excrement
horse's asses,1,sexual anatomy / sexual acts
horseshit,1,bodily fluids / excrement
hustler,1,other / general insult
injun,2,racial / ethnic slurs
j-offs,1,sexual anatomy / sexual acts
j3rk,1,other / general insult
ja!lbait,1,sexual anatomy / sexual acts
ja1lbait,1,physical attributes
Jack off,1,sexual anatomy / sexual acts
jack-off,1,sexual anatomy / sexual acts
jack-offs,1,sexual anatomy / sexual acts
jackarse,1,sexual anatomy / sexual acts
jackass,1,animal references
jackasses,1,sexual anatomy / sexual acts
jackasss,1,animal references
jackoff,2,sexual anatomy / sexual acts
jackoffs,1,sexual anatomy / sexual acts
jackoffz,2,sexual anatomy / sexual acts
jagoff,1,sexual anatomy / sexual acts
jailba!t,2,physical attributes
jailbait,1,sexual anatomy / sexual acts
jap,3,racial / ethnic slurs
jerk off,1,sexual anatomy / sexual acts
jerk-0ff,1,sexual anatomy / sexual acts
jerk-0ffs,1,sexual anatomy / sexual acts
jerk-off,1,sexual anatomy / sexual acts
jerk-offs,1,sexual anatomy / sexual acts
jerking off,1,sexual anatomy / sexual acts
jerkoff,2,sexual anatomy / sexual acts
jerkoff jerking off,1,sexual anatomy / sexual acts
jerkoffs,1,sexual anatomy / sexual acts
jerks off,1,sexual anatomy / sexual acts
jewboy,3,racial / ethnic slurs
jigaboo,2,racial / ethnic slurs
jigaboos,3,racial / ethnic slurs
jigga,2,racial / ethnic slurs
jiggaboo,3,racial / ethnic slurs
jiggabooboo,2,racial / ethnic slurs
jiggaboos,3,racial / ethnic slurs
jiggabu,3,racial / ethnic slurs
jiggas,3,racial / ethnic slurs
jigger,3,racial / ethnic slurs
jiggerboo,3,racial / ethnic slurs
jiggerboos,3,racial / ethnic slurs
jiggs,3,racial / ethnic slurs
jiggyboo,3,racial / ethnic slurs
jigro,3,racial / ethnic slurs
jim crow,1,racial / ethnic slurs
jizz,2,bodily fluids / excrement
jizz eater,2,sexual anatomy / sexual acts
jizz licker,2,sexual anatomy / sexual acts
jizz-jockey,2,bodily fluids / excrement
jizzbags,2,bodily fluids / excrement
jizzed,2,bodily fluids / excrement
jizzes,2,bodily fluids / excrement
jizzfucker,3,bodily fluids / excrement
jizzing,2,bodily fluids / excrement
jizzsacks,2,sexual anatomy / sexual acts
jizzstain,3,bodily fluids / excrement
jizzy,2,bodily fluids / excrement
k!k3,3,racial / ethnic slurs
k!ke,3,racial / ethnic slurs
k..!ke,3,racial / ethnic slurs
k1k3,3,racial / ethnic slurs
k1ke,3,racial / ethnic slurs
kid diddler,3,sexual anatomy / sexual acts
kiddy touch,2,sexual anatomy / sexual acts
kike,3,racial / ethnic slurs
kikes,3,racial / ethnic slurs
kiss ass,1,sexual anatomy / sexual acts
kiss my ass,2,sexual anatomy / sexual acts
kitty puncher,2,sexual anatomy / sexual acts
kkk,2,other / general insult
klan,2,racial / ethnic slurs
klitoris,1,sexual anatomy / sexual acts
kneegrows,3,racial / ethnic slurs
knickers,2,racial / ethnic slurs
knob,1,sexual anatomy / sexual acts
knob eater,2,sexual anatomy / sexual acts
knob gobbler,2,sexual anatomy / sexual acts
knob jockey,2,sexual anatomy / sexual acts
knob-face,2,sexual anatomy / sexual acts
knob-gobbler,2,sexual anatomy / sexual acts
knob-head,2,sexual anatomy / sexual acts
knob3d,2,sexual anatomy / sexual acts
knob3nd,1,sexual anatomy / sexual acts
knobd,1,sexual anatomy / sexual acts
knobe,1,sexual anatomy / sexual acts
knobead,1,sexual anatomy / sexual acts
knobeads,1,sexual anatomy / sexual acts
knobed,1,sexual anatomy / sexual acts
knobeds,2,sexual anatomy / sexual acts
knobend,1,sexual anatomy / sexual acts
knobender,2,sexual anatomy / sexual acts
knobends,1,sexual anatomy / sexual acts
knobendy,2,sexual anatomy / sexual acts
knobendz,1,sexual anatomy / sexual acts
knober,1,sexual anatomy / sexual acts
knobes,1,sexual anatomy / sexual acts
knobgobbler,2,sexual anatomy / sexual acts
knobhead,2,sexual anatomy / sexual acts
knobheads,2,sexual anatomy / sexual acts
knobjockies,2,sexual anatomy / sexual acts
knobjocky,2,sexual anatomy / sexual acts
knobjokey,3,sexual orientation / gender
knobjokeys,2,sexual anatomy / sexual acts
ku kluxer,3,racial / ethnic slurs
kyke,3,racial / ethnic slurs
l@dyb0i,2,sexual orientation / gender
l@dyb0y,2,sexual orientation / gender
l@dyboy,2,sexual orientation / gender
l3i + ch,1,sexual orientation / gender
l3i+ch,1,sexual orientation / gender
l3itch,1,sexual orientation / gender
l3itches,1,sexual orientation / gender
ladboys,1,sexual orientation / gender
ladboyz,1,sexual orientation / gender
ladiboy,2,sexual orientation / gender
lady-boy,3,sexual orientation / gender
ladyb0i,2,sexual orientation / gender
ladyb0y,2,sexual orientation / gender
ladyboy,2,sexual orientation / gender
ladyboys,2,sexual orientation / gender
ladyboyz,1,sexual orientation / gender
lesbo,2,sexual orientation / gender
loose woman,1,sexual orientation / gender
m@asterbated,1,sexual anatomy / sexual acts
m@derfaker,3,sexual anatomy / sexual acts
m@derfuck,3,sexual anatomy / sexual acts
m@derfuckers,3,sexual anatomy / sexual acts
m0f0,2,sexual anatomy / sexual acts
m0f0s,2,other / general insult
m0fo,3,sexual anatomy / sexual acts
m0foes,2,other / general insult
m0fos,3,sexual anatomy / sexual acts
m0ng0l0id,2,mental disability
m0ngoloid,2,racial / ethnic slurs
m0thafucked,3,sexual anatomy / sexual acts
m0thafucker,3,sexual anatomy / sexual acts
m0thafucking,3,sexual anatomy / sexual acts
m0therfuckeds,3,sexual anatomy / sexual acts
m0therfucker,2,sexual anatomy / sexual acts
m0therfucking,3,sexual anatomy / sexual acts
m0therfvcker,3,sexual anatomy / sexual acts
man chowder,1,bodily fluids / excrement
man meat,1,sexual anatomy / sexual acts
man seed,1,bodily fluids / excrement
markasses,2,sexual anatomy / sexual acts
meat curtains,2,sexual anatomy / sexual acts
meat-sword,1,sexual anatomy / sexual acts
mecha fag,3,sexual orientation / gender
mega fag,3,sexual orientation / gender
mf'er,2,sexual anatomy / sexual acts
mf'ers,3,sexual anatomy / sexual acts
mf'ing,2,sexual anatomy / sexual acts
mfckers,2,sexual anatomy / sexual acts
MFer,2,sexual anatomy / sexual acts
MFers,3,sexual anatomy / sexual acts
mfing,2,sexual anatomy / sexual acts
mfk,2,sexual anatomy / sexual acts
mfs,2,sexual anatomy / sexual acts
mfukk,3,sexual anatomy / sexual acts
mfukker,3,sexual anatomy / sexual acts
milf,2,sexual anatomy / sexual acts
mindfuck,2,sexual anatomy / sexual acts
mof0es,2,sexual anatomy / sexual acts
mof0s,3,other / general insult
mofcker,3,sexual anatomy / sexual acts
mofo,2,sexual anatomy / sexual acts
mofo ass,2,sexual anatomy / sexual acts
mofoes,2,other / general insult
mofos,2,sexual anatomy / sexual acts
mofoshit,2,sexual anatomy / sexual acts
mofuccers,2,sexual anatomy / sexual acts
mofucckers,2,sexual anatomy / sexual acts
mofuck,3,sexual anatomy / sexual acts
mofucker,2,other / general insult
mofuckkas,2,sexual anatomy / sexual acts
mofuk,2,other / general insult
mofukkas,2,sexual anatomy / sexual acts
molester,2,sexual anatomy / sexual acts
mong,2,racial / ethnic slurs
mongoloid,2,racial / ethnic slurs
mongrel,3,racial / ethnic slurs
motha fucka,3,sexual anatomy / sexual acts
motha fucker,2,sexual anatomy / sexual acts
motha fuckers,3,sexual anatomy / sexual acts
mothaf@cked,3,sexual anatomy / sexual acts
mothafcked,3,sexual anatomy / sexual acts
mothafcking,3,sexual anatomy / sexual acts
Mothafucc,3,sexual anatomy / sexual acts
mothafucced,3,sexual anatomy / sexual acts
mothafuccer,3,sexual anatomy / sexual acts
mothafuccing,3,sexual anatomy / sexual acts
mothafuck,3,sexual anatomy / sexual acts
mothafucka,3,sexual anatomy / sexual acts
mothafuckas,3,sexual anatomy / sexual acts
mothafuckasses,3,sexual anatomy / sexual acts
mothafuckaz,3,sexual anatomy / sexual acts
mothafuckazzes,3,sexual anatomy / sexual acts
mothafucked,3,sexual anatomy / sexual acts
mothafuckeds,3,sexual anatomy / sexual acts
mothafucker,3,sexual anatomy / sexual acts
mothafuckers,3,sexual anatomy / sexual acts
mothafuckin,3,sexual anatomy / sexual acts
mothafucking,3,sexual anatomy / sexual acts
mothafuckings,3,sexual anatomy / sexual acts
mothafuckins,3,sexual anatomy / sexual acts
mothafucks,3,sexual anatomy / sexual acts
mothafuckz,3,sexual anatomy / sexual acts
mothafvcked,3,sexual anatomy / sexual acts
mother effer,2,sexual anatomy / sexual acts
mother fuck,3,sexual anatomy / sexual acts
mother fuck you,3,sexual anatomy / sexual acts
mother fucka,3,sexual anatomy / sexual acts
mother fucker,3,sexual anatomy / sexual acts
mother fuckers,3,sexual anatomy / sexual acts
mother fucking,3,sexual anatomy / sexual acts
mothercker,2,sexual anatomy / sexual acts
motherf@kka,3,sexual anatomy / sexual acts
motherfacking,2,sexual anatomy / sexual acts
motherfcked,3,sexual anatomy / sexual acts
motherfckin,3,sexual anatomy / sexual acts
motherfcking,3,sexual anatomy / sexual acts
motherfcks,3,sexual anatomy / sexual acts
motherfckshit,3,sexual anatomy / sexual acts
motherfecka,2,sexual anatomy / sexual acts
motherfecker,3,sexual anatomy / sexual acts
motherfk,3,sexual anatomy / sexual acts
motherfucca,3,sexual anatomy / sexual acts
motherfuccas,3,sexual anatomy / sexual acts
motherfuccers,3,sexual anatomy / sexual acts
motherfuck,2,sexual anatomy / sexual acts
motherfucked,3,sexual anatomy / sexual acts
motherfuckeds,3,sexual anatomy / sexual acts
motherfucker,3,sexual anatomy / sexual acts
motherfuckers,3,sexual anatomy / sexual acts
motherfuckin,3,sexual anatomy / sexual acts
motherfucking,3,sexual anatomy / sexual acts
motherfuckings,3,sexual anatomy / sexual acts
motherfuckingshit,3,sexual anatomy / sexual acts
motherfuckins,3,sexual anatomy / sexual acts
motherfuckka,3,sexual anatomy / sexual acts
motherfuckkas,3,sexual anatomy / sexual acts
motherfuckkers,3,sexual anatomy / sexual acts
motherfucks,3,sexual anatomy / sexual acts
motherfukka,3,sexual anatomy / sexual acts
motherfukker,3,sexual anatomy / sexual acts
motherfukkings,3,sexual anatomy / sexual acts
motherfvck,3,sexual anatomy / sexual acts
motherfvcked,3,sexual anatomy / sexual acts
motherfvckeds,2,sexual anatomy / sexual acts
motherfvcker,3,sexual anatomy / sexual acts
motherfvckers,3,sexual anatomy / sexual acts
motherfvcking,3,sexual anatomy / sexual acts
motherfxck,2,other / general insult
motherfxcking,3,sexual anatomy / sexual acts
mothfck,3,sexual anatomy / sexual acts
mothter fuck,3,sexual anatomy / sexual acts
mtherfuker,3,sexual anatomy / sexual acts
mthrfcker,3,sexual anatomy / sexual acts
muddafukkas,3,sexual anatomy / sexual acts
mudderfuk,2,sexual anatomy / sexual acts
mudderfukker,3,sexual anatomy / sexual acts
mufdive,2,sexual anatomy / sexual acts
mufdivin,3,sexual anatomy / sexual acts
muff,1,sexual anatomy / sexual acts
muffdiving,2,sexual anatomy / sexual acts
muffdivings,2,sexual anatomy / sexual acts
muffindivin,2,sexual anatomy / sexual acts
muffindiving,2,sexual anatomy / sexual acts
muhfucking,2,sexual anatomy / sexual acts
mushroom tip,1,sexual anatomy / sexual acts
mutha fucka,3,sexual anatomy / sexual acts
mutha fucker,2,sexual anatomy / sexual acts
muthafecker,3,sexual anatomy / sexual acts
muthafeckers,3,sexual anatomy / sexual acts
muthafucka,3,sexual anatomy / sexual acts
muthafuckers,3,sexual anatomy / sexual acts
muthafuckings,3,sexual anatomy / sexual acts
muthafuckker,3,sexual anatomy / sexual acts
muthafuckkers,3,sexual anatomy / sexual acts
muthafukka,3,sexual anatomy / sexual acts
mutherfucker,3,sexual anatomy / sexual acts
mutherfuckers,3,sexual anatomy / sexual acts
n0bhead,2,sexual anatomy / sexual acts
n0bj0cky,2,sexual anatomy / sexual acts
n1ckker,3,racial / ethnic slurs
n1g3r,3,racial / ethnic slurs
n1g3rz,3,racial / ethnic slurs
n1gg@,3,racial / ethnic slurs
n1gg@hs,3,racial / ethnic slurs
n1gg3r,3,racial / ethnic slurs
n1gg3rs,3,racial / ethnic slurs
n1gga,2,racial / ethnic slurs
n1ggah,3,racial / ethnic slurs
n1ggahs,3,racial / ethnic slurs
n1ggas,3,racial / ethnic slurs
n1ggazes,3,racial / ethnic slurs
n1gger,3,racial / ethnic slurs
n1ggers,3,racial / ethnic slurs
n1gguh,3,racial / ethnic slurs
n3gro,2,racial / ethnic slurs
negga,3,racial / ethnic slurs
neggar,3,racial / ethnic slurs
negr0,3,racial / ethnic slurs
negro,2,racial / ethnic slurs
negroes,3,racial / ethnic slurs
negroid,3,racial / ethnic slurs
niccer,3,racial / ethnic slurs
nicka,3,racial / ethnic slurs
nickas,3,racial / ethnic slurs
nicker,3,racial / ethnic slurs
nickk3r,3,racial / ethnic slurs
nickker,3,racial / ethnic slurs
nig,3,racial / ethnic slurs
nig-nog,3,racial / ethnic slurs
niga,3,racial / ethnic slurs
nigah,3,racial / ethnic slurs
nigasses,3,racial / ethnic slurs
nigers,3,racial / ethnic slurs
nigg@,3,racial / ethnic slurs
nigg@hs,3,racial / ethnic slurs
nigg@s,3,racial / ethnic slurs
nigg@z,3,racial / ethnic slurs
nigg@zzes,3,racial / ethnic slurs
nigg3r,3,racial / ethnic slurs
nigg3rs,3,racial / ethnic slurs
nigg4h,3,racial / ethnic slurs
nigg4hs,3,racial / ethnic slurs
nigga,3,racial / ethnic slurs
nigga lover,3,racial / ethnic slurs
niggah,3,racial / ethnic slurs
niggahs,2,racial / ethnic slurs
niggahz,3,racial / ethnic slurs
niggas,3,racial / ethnic slurs
niggass,3,racial / ethnic slurs
niggaz,2,racial / ethnic slurs
niggazzes,3,racial / ethnic slurs
nigger,3,racial / ethnic slurs
nigger lover,3,racial / ethnic slurs
niggers,3,racial / ethnic slurs
niggerz,3,racial / ethnic slurs
niggir,3,racial / ethnic slurs
niggress,3,racial / ethnic slurs
nigguh,3,racial / ethnic slurs
nigguhs,3,racial / ethnic slurs
nigguhz,3,racial / ethnic slurs
niglet,3,racial / ethnic slurs
nignigs,3,racial / ethnic slurs
nignog,3,racial / ethnic slurs
nigra,3,racial / ethnic slurs
nigre,3,racial / ethnic slurs
nigs,3,racial / ethnic slurs
niguh,3,racial / ethnic slurs
nikk3r,3,racial / ethnic slurs
nikkas,3,racial / ethnic slurs
nikker,3,racial / ethnic slurs
nip,2,sexual anatomy / sexual acts
nob jockey,2,sexual anatomy / sexual acts
nob jokeys,2,sexual anatomy / sexual acts
nobbyhead,1,sexual anatomy / sexual acts
nobhead,2,sexual anatomy / sexual acts
nobheads,1,sexual anatomy / sexual acts
nobj0key,2,sexual anatomy / sexual acts
nobjockies,2,sexual anatomy / sexual acts
nobjocky,2,sexual anatomy / sexual acts
nobjokey,2,sexual anatomy / sexual acts
nobjokeys,2,sexual orientation / gender
nobs,1,sexual anatomy / sexual acts
nonce,1,other / general insult
nuckas,3,racial / ethnic slurs
nuggets,1,racial / ethnic slurs
nut butter,1,bodily fluids / excrement
nutsack,2,sexual anatomy / sexual acts
nutsacks,2,sexual anatomy / sexual acts
nympho,1,sexual anatomy / sexual acts
nymphomaniac,1,other / general insult
octopussy,1,sexual anatomy / sexual acts
oven dodger,2,racial / ethnic slurs
p3n1shead,2,sexual anatomy / sexual acts
p3nisfcker,3,sexual anatomy / sexual acts
p3nisfcukers,3,sexual anatomy / sexual acts
p3nisfvcker,3,sexual anatomy / sexual acts
p3nisfvckers,3,sexual anatomy / sexual acts
pack my fudge,2,sexual anatomy / sexual acts
packerfudgehead,2,sexual anatomy / sexual acts
packing fudge,2,sexual anatomy / sexual acts
packing fudgehead,2,bodily fluids / excrement
packingfudge,2,sexual anatomy / sexual acts
packingfudgefucker,3,sexual anatomy / sexual acts
packingfudgefucking,2,sexual anatomy / sexual acts
packsomefudgefucker,2,sexual anatomy / sexual acts
paki,3,racial / ethnic slurs
palm jockey,1,sexual anatomy / sexual acts
pancake face,2,racial / ethnic slurs
pecker,1,sexual anatomy / sexual acts
peckerhead,2,sexual anatomy / sexual acts
pedo,2,sexual anatomy / sexual acts
pedobear,2,sexual orientation / gender
pedobears,2,other / general insult
pedophl,2,sexual anatomy / sexual acts
pedos,2,other / general insult
pedoz,2,sexual anatomy / sexual acts
peen,1,sexual anatomy / sexual acts
peener,1,sexual anatomy / sexual acts
penisfcker,3,sexual anatomy / sexual acts
penisfuccer,3,sexual anatomy / sexual acts
penisfucker,3,sexual anatomy / sexual acts
penisfuckers,3,sexual anatomy / sexual acts
penisfvcker,3,sexual anatomy / sexual acts
penisfvckers,3,sexual anatomy / sexual acts
penishead,1,sexual anatomy / sexual acts
peter,1,sexual anatomy / sexual acts
peter puffer,2,sexual orientation / gender
ph@ggots,3,sexual orientation / gender
phaggot,3,sexual orientation / gender
phaggots,3,sexual orientation / gender
phagot,3,sexual orientation / gender
phags,3,sexual orientation / gender
phuc,2,sexual anatomy / sexual acts
phucc,2,sexual anatomy / sexual acts
phuccer,2,sexual anatomy / sexual acts
phucchead,2,sexual anatomy / sexual acts
phuccing,2,sexual anatomy / sexual acts
phuck,2,sexual anatomy / sexual acts
phuck3r,2,sexual anatomy / sexual acts
phucked,2,sexual anatomy / sexual acts
phucker,2,sexual anatomy / sexual acts
phuckin,2,sexual anatomy / sexual acts
phucking,2,sexual anatomy / sexual acts
phuckings,2,sexual anatomy / sexual acts
phucks,2,sexual anatomy / sexual acts
phucup,2,sexual anatomy / sexual acts
phuk,2,sexual anatomy / sexual acts
phuked,2,sexual anatomy / sexual acts
phukeds,2,sexual anatomy / sexual acts
phukhead,2,sexual anatomy / sexual acts
phuking,2,sexual anatomy / sexual acts
phukings,2,sexual anatomy / sexual acts
phukk,2,sexual anatomy / sexual acts
phukked,2,sexual anatomy / sexual acts
phukkeds,2,sexual anatomy / sexual acts
phukker,2,sexual anatomy / sexual acts
Phukking,2,sexual anatomy / sexual acts
phuks,2,sexual anatomy / sexual acts
phukshit,2,sexual anatomy / sexual acts
phuku,2,sexual anatomy / sexual acts
phukup,2,sexual anatomy / sexual acts
phuq,2,sexual anatomy / sexual acts
phuqs,2,sexual anatomy / sexual acts
phvckings,2,sexual anatomy / sexual acts
pig fucker,3,sexual anatomy / sexual acts
pigfucker,3,sexual anatomy / sexual acts
pigfuckers,3,sexual anatomy / sexual acts
pigfucking,3,sexual anatomy / sexual acts
pigfukker,3,sexual anatomy / sexual acts
piggyfuck,3,sexual anatomy / sexual acts
pigshit,1,bodily fluids / excrement
pillow biter,2,sexual anatomy / sexual acts
pillow-biter,2,sexual orientation / gender
piss face,1,bodily fluids / excrement
piss off fuckhead,3,sexual anatomy / sexual acts
piss shit,1,bodily fluids / excrement
pissoff,1,bodily fluids / excrement
pissoffs,1,bodily fluids / excrement
pole licker,2,sexual anatomy / sexual acts
pole smoker,2,sexual anatomy / sexual acts
pole sucker,2,sexual anatomy / sexual acts
polesmoker,2,sexual anatomy / sexual acts
porch monkey,3,racial / ethnic slurs
prick,1,sexual anatomy / sexual acts
prick-face,1,sexual anatomy / sexual acts
prick-gobbler,2,sexual anatomy / sexual acts
prick-head,2,sexual anatomy / sexual acts
pricks,1,sexual anatomy / sexual acts
pu$sy,2,sexual anatomy / sexual acts
pu55y,2,sexual anatomy / sexual acts
pull the pud,1,sexual anatomy / sexual acts
punani,2,sexual anatomy / sexual acts
punk ass mofoes,3,sexual anatomy / sexual acts
punkasses,1,other / general insult
puss,1,sexual anatomy / sexual acts
pusses,1,sexual anatomy / sexual acts
pussie,2,sexual anatomy / sexual acts
pussies,1,sexual anatomy / sexual acts
pussless,2,sexual anatomy / sexual acts
pusslicker,2,sexual anatomy / sexual acts
pussy,1,sexual anatomy / sexual acts
pussy cat,1,sexual anatomy / sexual acts
pussy fucker,3,sexual anatomy / sexual acts
pussy lick,2,sexual anatomy / sexual acts
pussy licker,2,sexual anatomy / sexual acts
pussy licking,2,sexual anatomy / sexual acts
pussylickers,3,sexual anatomy / sexual acts
pussys,2,sexual anatomy / sexual acts
pussywhipped,2,sexual anatomy / sexual acts
puta,2,sexual orientation / gender
puussy,1,sexual anatomy / sexual acts
puzzies,1,sexual anatomy / sexual acts
puzzy,1,sexual anatomy / sexual acts
queerasses,3,sexual orientation / gender
queers,2,sexual orientation / gender
r3t@rd,3,mental disability
r3t@rded,3,mental disability
r3tard,3,mental disability
raghead,3,racial / ethnic slurs
ragheads,3,racial / ethnic slurs
ragtard,3,racial / ethnic slurs
ramrod,1,sexual anatomy / sexual acts
rat bastard,2,other / general insult
rat baztad,2,animal references
reacharound,1,sexual anatomy / sexual acts
rectum,1,sexual anatomy / sexual acts
redskin,2,racial / ethnic slurs
retard,3,mental disability
retardo,3,physical disability
retardotron,2,mental disability
rice monkey,3,racial / ethnic slurs
rim job,2,sexual anatomy / sexual acts
s_h_i_,1,bodily fluids / excrement
s_h_i_s,1,bodily fluids / excrement
s-lut,2,sexual orientation / gender
s.o.b.,1,other / general insult
s.o.b.s,2,other / general insult
s/h/i/t,1,bodily fluids / excrement
S&M,1,sexual anatomy / sexual acts
sack,1,sexual anatomy / sexual acts
salad tosser,2,sexual anatomy / sexual acts
sambo,2,racial / ethnic slurs
sand nigger,3,racial / ethnic slurs
sausage jockey,3,sexual anatomy / sexual acts
scamfuck,2,sexual anatomy / sexual acts
schlong,1,sexual anatomy / sexual acts
scumfuck,3,sexual anatomy / sexual acts
scumfucker,3,sexual anatomy / sexual acts
scumfvck,2,sexual anatomy / sexual acts
scummy,1,other / general insult
scut,1,other / general insult
sh! +,1,bodily fluids / excrement
sh!+,1,bodily fluids / excrement
sh1s,1,bodily fluids / excrement
sh1t,1,bodily fluids / excrement
sh1t3,1,bodily fluids / excrement
sh1td1ck,2,bodily fluids / excrement
sh1tdick,2,sexual anatomy / sexual acts
sh1te,1,bodily fluids / excrement
sh1tfuck,3,other / general insult
sh1th3ad,2,bodily fluids / excrement
sh1theads,2,bodily fluids / excrement
sh1ts,1,bodily fluids / excrement
sh1tsome,1,bodily fluids / excrement
sh1tt,1,bodily fluids / excrement
sh1tty,1,bodily fluids / excrement
sh3mal3,3,sexual orientation / gender
sh3male,2,sexual orientation / gender
shat,1,bodily fluids / excrement
she-male,3,sexual orientation / gender
sheeeet,1,bodily fluids / excrement
sheet,1,bodily fluids / excrement
sheister,2,racial / ethnic slurs
shemal3,2,sexual orientation / gender
shemale,3,sexual orientation / gender
shemales,2,sexual orientation / gender
shet,1,bodily fluids / excrement
shi+,1,bodily fluids / excrement
shi+e,1,bodily fluids / excrement
shi+y,1,bodily fluids / excrement
shiat,1,bodily fluids / excrement
shiddick,2,sexual anatomy / sexual acts
shiester,2,racial / ethnic slurs
shiesterfuck,2,sexual anatomy / sexual acts
shiesterfuckface,3,sexual anatomy / sexual acts
shiesterfuckhead,2,sexual anatomy / sexual acts
shiesterfucks,2,sexual anatomy / sexual acts
shipdit,1,bodily fluids / excrement
shit,1,bodily fluids / excrement
shit face,2,bodily fluids / excrement
shit for brains,2,bodily fluids / excrement
shit fuck,2,other / general insult
shit fucker,3,sexual anatomy / sexual acts
shit head,2,bodily fluids / excrement
shit licker,2,bodily fluids / excrement
shit stain,2,bodily fluids / excrement
shit-arse,2,sexual anatomy / sexual acts
shit-ass,2,bodily fluids / excrement
shit-bandit,2,bodily fluids / excrement
shit-fucker,3,sexual anatomy / sexual acts
shit-stuffers,2,sexual anatomy / sexual acts
shit3,1,bodily fluids / excrement
shitass,2,sexual anatomy / sexual acts
shitasses,2,sexual anatomy / sexual acts
shitassfucker,3,sexual anatomy / sexual acts
shitassfuckface,3,sexual anatomy / sexual acts
shitbag,2,bodily fluids / excrement
shitbird,2,bodily fluids / excrement
shitblimp,2,bodily fluids / excrement
shitblimps,2,bodily fluids / excrement
shitbrain,2,bodily fluids / excrement
shitd1ck,2,sexual anatomy / sexual acts
shitdick,2,sexual anatomy / sexual acts
shitdicks,2,sexual anatomy / sexual acts
shitdikk,2,bodily fluids / excrement
shitdip,2,bodily fluids / excrement
shite,1,bodily fluids / excrement
shiteblimps,2,bodily fluids / excrement
shited,1,bodily fluids / excrement
shitedick,2,sexual anatomy / sexual acts
shitefuck,2,sexual anatomy / sexual acts
shitefulls,2,bodily fluids / excrement
shitehead,2,bodily fluids / excrement
shites,1,bodily fluids / excrement
shitey,1,bodily fluids / excrement
shitface,2,bodily fluids / excrement
shitfaced,1,bodily fluids / excrement
shitfacefuck,3,sexual anatomy / sexual acts
shitfacefucker,3,sexual anatomy / sexual acts
shitfck,2,sexual anatomy / sexual acts
shitfk,2,sexual anatomy / sexual acts
shitfreak,2,bodily fluids / excrement
shitfuck,2,sexual anatomy / sexual acts
shitfucker,2,sexual anatomy / sexual acts
shitfuckhead,3,other / general insult
shitfuckmotherfucker,3,sexual anatomy / sexual acts
shitfucks,2,sexual anatomy / sexual acts
shitfudgefucker,3,bodily fluids / excrement
shitfvck,2,sexual anatomy / sexual acts
shithead,2,bodily fluids / excrement
shitheadfucker,3,sexual anatomy / sexual acts
shitheadfuckface,2,sexual anatomy / sexual acts
shitheads,2,bodily fluids / excrement
shithole,2,sexual anatomy / sexual acts
shits,1,bodily fluids / excrement
shitsdick,2,sexual anatomy / sexual acts
shitsfuck,2,sexual anatomy / sexual acts
shitsful,1,bodily fluids / excrement
shittastic,1,bodily fluids / excrement
shittasticfuck,2,bodily fluids / excrement
shitte,1,bodily fluids / excrement
shitted,1,bodily fluids / excrement
shitter,1,bodily fluids / excrement
shitterfucker,3,sexual anatomy / sexual acts
shitti,1,bodily fluids / excrement
shitties,1,bodily fluids / excrement
shittiest,1,bodily fluids / excrement
shitting,1,bodily fluids / excrement
shittings,1,bodily fluids / excrement
shitty,1,bodily fluids / excrement
shitty mofoes,2,bodily fluids / excrement
shittydick,2,bodily fluids / excrement
shittydicks,2,sexual anatomy / sexual acts
shittyfuck,2,sexual anatomy / sexual acts
shittyfuckface,2,sexual anatomy / sexual acts
shittyful,2,bodily fluids / excrement
shlong,1,sexual anatomy / sexual acts
shmale,1,sexual orientation / gender
shtfuk,2,other / general insult
shut the fuck up,2,other / general insult
shylock,2,racial / ethnic slurs
shytfeisterfuck,3,sexual anatomy / sexual acts
sissy,1,sexual orientation / gender
sixty-nine,1,sexual anatomy / sexual acts
sk@nks,2,sexual orientation / gender
sk@nky,1,sexual orientation / gender
sk@nkz,1,sexual orientation / gender
skank,2,sexual orientation / gender
skanks,1,sexual orientation / gender
skanky,1,sexual orientation / gender
skankz,2,sexual orientation / gender
sl@nteye,3,racial / ethnic slurs
slag,2,sexual orientation / gender
slantard,3,racial / ethnic slurs
slanteye,3,racial / ethnic slurs
slanteye b1tch,3,racial / ethnic slurs
slanteyes,3,racial / ethnic slurs
slanteyeshit,3,bodily fluids / excrement
slantfreak,3,racial / ethnic slurs
slanty,3,racial / ethnic slurs
slit,2,sexual orientation / gender
slut,2,sexual orientation / gender
slut hole,2,sexual anatomy / sexual acts
sluts,2,sexual orientation / gender
slutty,2,sexual orientation / gender
snatch,1,sexual anatomy / sexual acts
snatch licker,3,sexual anatomy / sexual acts
soab,2,other / general insult
son o bitch,2,sexual orientation / gender
son of a bitch,1,other / general insult
son-of-a-bitch,1,sexual orientation / gender
sonna bitch,1,sexual orientation / gender
sonofabitch,1,other / general insult
sonofbitches,1,sexual orientation / gender
sons of b1tches,2,sexual orientation / gender
sons of bitches,2,other / general insult
sons-of-bitches,1,other / general insult
sonz of bitchez,2,other / general insult
soppy bollucks,2,sexual anatomy / sexual acts
spanking,1,sexual anatomy / sexual acts
sperm,1,bodily fluids / excrement
sphincter,1,sexual anatomy / sexual acts
spic,3,racial / ethnic slurs
spicfuck,3,sexual anatomy / sexual acts
spick,3,racial / ethnic slurs
spics,3,racial / ethnic slurs
spicshit,3,bodily fluids / excrement
spig,3,racial / ethnic slurs
spik,3,racial / ethnic slurs
spix,3,racial / ethnic slurs
spook,3,racial / ethnic slurs
spooks,3,racial / ethnic slurs
spunk,1,bodily fluids / excrement
stfu,2,sexual anatomy / sexual acts
stump chewer,1,sexual anatomy / sexual acts
stupid fucker,2,sexual anatomy / sexual acts
stupid hoe,2,sexual orientation / gender
stupidasses,1,sexual anatomy / sexual acts
suck,1,sexual anatomy / sexual acts
suck my cock,2,sexual anatomy / sexual acts
suck my d,2,sexual anatomy / sexual acts
suck my dick,2,sexual anatomy / sexual acts
suck off,2,sexual anatomy / sexual acts
sum of a bitch,1,other / general insult
sumbitch,2,sexual orientation / gender
swine,1,animal references
swine fucker,3,sexual anatomy / sexual acts
tacohead,2,racial / ethnic slurs
tadger,1,sexual anatomy / sexual acts
taking the piss,1,bodily fluids / excrement
tallywacker,1,sexual anatomy / sexual acts
tar-baby,3,racial / ethnic slurs
tard,3,mental disability
tard asses,3,sexual anatomy / sexual acts
tart,1,mental disability
throat yogurt,2,bodily fluids / excrement
throater,2,sexual anatomy / sexual acts
tickle the pickle,1,sexual anatomy / sexual acts
timber nigger,3,racial / ethnic slurs
tits,1,sexual anatomy / sexual acts
tongue fucker,2,sexual anatomy / sexual acts
tongue fucking,3,sexual anatomy / sexual acts
tosser,1,other / general insult
tossing salad,2,sexual anatomy / sexual acts
towelhead,3,racial / ethnic slurs
towelheads,3,racial / ethnic slurs
towelshithead,3,racial / ethnic slurs
tramp,2,sexual orientation / gender
Tranny,3,sexual orientation / gender
transvestite,2,sexual orientation / gender
trashb1tch,2,sexual orientation / gender
trashbitch,2,sexual orientation / gender
trashbitches,1,sexual orientation / gender
trashbitchez,1,sexual orientation / gender
trashbtch,1,sexual orientation / gender
trasherbitch,1,sexual orientation / gender
trasherbitchs,1,sexual orientation / gender
trashybitches,2,sexual orientation / gender
trouser snake,1,sexual anatomy / sexual acts
trousersnake,1,sexual anatomy / sexual acts
turdcutter,2,other / general insult
turdhead,2,bodily fluids / excrement
tw@t,2,sexual anatomy / sexual acts
twa+,1,sexual anatomy / sexual acts
twat,2,sexual anatomy / sexual acts
twat waffle,2,sexual anatomy / sexual acts
twatface,2,sexual anatomy / sexual acts
twats,2,sexual anatomy / sexual acts
twatt,2,sexual anatomy / sexual acts
twattish,2,sexual anatomy / sexual acts
twatzilla,2,sexual anatomy / sexual acts
twink,1,sexual orientation / gender
upskirts,1,sexual anatomy / sexual acts
useless fucker,3,sexual anatomy / sexual acts
vag,1,sexual anatomy / sexual acts
vajayjay,1,sexual anatomy / sexual acts
vulva,1,sexual anatomy / sexual acts
w@nker,1,sexual anatomy / sexual acts
w@nkers,1,sexual anatomy / sexual acts
w4nk3r,2,sexual anatomy / sexual acts
w4nker,1,sexual anatomy / sexual acts
wang,1,sexual anatomy / sexual acts
wang wrangler,2,sexual anatomy / sexual acts
wank,1,sexual anatomy / sexual acts
wank off,1,sexual anatomy / sexual acts
wank3r,1,sexual anatomy / sexual acts
wank3rs,1,sexual anatomy / sexual acts
wankbastard,2,sexual anatomy / sexual acts
wanked,1,sexual anatomy / sexual acts
wanker,1,sexual anatomy / sexual acts
wankers,1,sexual anatomy / sexual acts
wankies,2,sexual anatomy / sexual acts
wanking,1,sexual anatomy / sexual acts
wanks,1,sexual anatomy / sexual acts
we1back,3,racial / ethnic slurs
weenie,1,sexual anatomy / sexual acts
weiner,1,sexual anatomy / sexual acts
wet back,3,racial / ethnic slurs
wetback,3,racial / ethnic slurs
wetbacks,3,racial / ethnic slurs
wh0r3,2,sexual orientation / gender
wh0re,2,sexual orientation / gender
whack off,1,sexual anatomy / sexual acts
what the fuck,2,other / general insult
whoar,2,sexual orientation / gender
whoars,2,sexual orientation / gender
whor3,2,sexual orientation / gender
whore,2,sexual orientation / gender
whores,2,sexual orientation / gender
wigger,3,racial / ethnic slurs
willy-whacker,2,sexual anatomy / sexual acts
window licker,2,mental disability
wise ass,1,sexual anatomy / sexual acts
wnker,1,sexual anatomy / sexual acts
wop,2,racial / ethnic slurs
wophead,2,racial / ethnic slurs
zip in the wire,1,racial / ethnic slurs
zipperhead,2,racial / ethnic slurs