word,severity,vibe,pos
acrotomophilia,4,explicit,noun
acrotomophile,4,explicit,noun
black cock,4,explicit,noun
big cock,4,explicit,noun
huge cock,4,explicit,noun
giant cock,4,explicit,noun
massive cock,3,explicit,noun
throbbing cock,3,explicit,noun
alabama hot pocket,3,explicit,noun
alabama tuna melt,3,explicit,noun
alaskan pipeline,3,explicit,noun
algophilia,3,explicit,noun
algophile,3,explicit,noun
anal,3,explicit,noun
anal assassin,3,explicit,noun
anal astronaut,3,explicit,noun
anilingus,3,explicit,noun
anus,3,explicit,noun
apeshit,3,explicit,noun
apotemnophilia,2,explicit,noun
apotemnophile,3,explicit,noun
arse,3,explicit,noun
ass,3,explicit,noun
ass bandit,1,explicit,noun
arse bandit,2,explicit,noun
autoerotic,3,explicit,adjective
auto erotic,3,explicit,adjective
babeland,2,explicit,noun
baby batter,1,explicit,noun
baby gravy,3,explicit,noun
baby juice,3,explicit,noun
ball batter,3,explicit,noun
ball gravy,3,explicit,noun
ball gag,3,explicit,noun
ball-gag,3,explicit,noun
ballgag,3,explicit,noun
ball-kicking,3,explicit,verb
ball licking,3,explicit,verb
ball-licking,3,explicit,verb
ball sack,3,explicit,noun
ball sucking,3,explicit,verb
ball-sucking,3,explicit,verb
ballcuzi,3,explicit,verb
bangbros,3,explicit,noun
bang bros,3,explicit,noun
bangbus,3,explicit,noun
bang bus,3,explicit,noun
bareback,3,explicit,adjective
barely legal,3,explicit,adjective
bastinado,3,explicit,verb
batty boy,3,explicit,noun
battyboy,3,explicit,noun
batty boi,3,explicit,noun
bdsm,3,explicit,verb
bean flicker,4,explicit,verb
bean-flicker,3,explicit,verb
beanflicker,3,explicit,verb
bean queen,3,explicit,noun
beaner,3,explicit,noun
beaners,3,explicit,noun
beastiality,3,explicit,verb
beestiality,3,explicit,verb
bestiality,3,explicit,verb
beaver cleaver,3,explicit,noun
beaver lips,3,explicit,noun
bellesa,3,explicit,noun
bicon,3,explicit,noun
big boobs,3,explicit,noun
big breasts,3,explicit,noun
big knockers,3,explicit,noun
big tits,3,explicit,noun
birdlock,3,explicit,noun
bitch,3,explicit,noun
bloody,3,explicit,noun
blow your load,3,explicit,noun
blowjob,3,explicit,noun
blue waffle,3,explicit,noun
bluewaffle,3,explicit,noun
blumpkin,3,explicit,noun
bone smuggler,1,explicit,noun
bone-smuggler,3,explicit,noun
bonesmuggler,3,explicit,noun
boner,4,explicit,noun
raging boner,4,explicit,noun
throbbing boner,3,explicit,noun
boob,3,explicit,noun
booty buffer,3,explicit,noun
booty-buffer,3,explicit,noun
booty call,3,explicit,noun
boston george,3,explicit,noun
breasts,3,explicit,noun
brown piper,1,explicit,noun
brown-piper,3,explicit,noun
brownpiper,3,explicit,noun
brown shower,3,explicit,noun
brown showers,3,explicit,noun
brownie king,1,explicit,noun
brownie queen,3,explicit,noun
buddhahead,3,explicit,noun
buddha head,3,explicit,noun
buddha-head,3,explicit,noun
bufter,3,explicit,noun
bufty,3,explicit,noun
bukkake,3,explicit,noun
bulldyke,3,explicit,noun
bullet vibe,3,explicit,noun
bullet vibrator,3,explicit,noun
bullshit,3,explicit,noun
bum chum,3,explicit,noun
bum-chum,3,explicit,noun
bumchum,3,explicit,noun
bum driller,3,explicit,noun
bum-driller,3,explicit,noun
bumdriller,2,explicit,noun
butt boy,3,explicit,noun
butt-boy,3,explicit,noun
buttboy,3,explicit,noun
bum boy,3,explicit,noun
bum-boy,3,explicit,noun
bumboy,3,explicit,noun
butt pilot,3,explicit,noun
bum pilot,3,explicit,noun
butt pirate,3,explicit,noun
bum pirate,3,explicit,noun
bum-pirate,3,explicit,noun
butt rider,3,explicit,noun
buttrider,3,explicit,noun
bum rider,3,explicit,noun
bumrider,3,explicit,noun
butt robber,3,explicit,noun
butt-robber,3,explicit,noun
buttrobber,3,explicit,noun
bum robber,3,explicit,noun
bum-robber,3,explicit,noun
bumrobber,3,explicit,noun
butt rustler,3,explicit,noun
bum rustler,3,explicit,noun
butthole engineer,3,explicit,noun
bumhole engineer,3,explicit,noun
camel jockey,3,explicit,noun
cameljockey,3,explicit,noun
camel jockies,3,explicit,noun
cameljockies,3,explicit,noun
camel toe,3,explicit,noun
canadian porch swing,3,explicit,noun
carpet muncher,3,explicit,noun
carpetmuncher,3,explicit,noun
cheese-eating surrender monkey,3,explicit,noun
cheese eating surrender monkey,3,explicit,noun
chi-chi man,3,explicit,noun
chicken queen,3,explicit,noun
chinaman,3,explicit,noun
ching-chong,3,explicit,noun
ching chong,3,explicit,noun
chink,3,explicit,noun
chinks,3,explicit,noun
chinky,3,explicit,noun
chocolate rosebud,2,explicit,noun
chocolate rosebuds,2,explicit,noun
cholerophilia,2,explicit,noun
cholerophile,3,explicit,noun
cialis,3,explicit,noun
circlejerk,3,explicit,verb
circle-jerk,3,explicit,verb
cishet,3,explicit,noun
cissy,3,explicit,noun
cissie,3,explicit,noun
claustrophilia,3,explicit,noun
claustrophile,3,explicit,noun
cleveland accordion,3,explicit,noun
cleveland hot waffle,3,explicit,noun
cleveland steamer,3,explicit,noun
clit,3,explicit,noun
clover clamps,3,explicit,noun
clover clamp,3,explicit,noun
clusterfuck,3,explicit,noun
cluster-fuck,3,explicit,noun
cluster fuck,3,explicit,noun
cock,3,explicit,noun
cockpipe cosmonaut,3,explicit,noun
cockstruction worker,3,explicit,noun
coimetrophilia,4,explicit,noun
coimetrophile,4,explicit,noun
collaring,4,explicit,verb
collared,2,explicit,verb
coon,3,explicit,noun
coons,3,explicit,noun
coprophilia,3,explicit,noun
coprophile,3,explicit,noun
coprolagnia,3,explicit,noun
cornhole,3,explicit,noun
crafty butcher,3,explicit,noun
cra*p,3,explicit,noun
creampie,3,explicit,verb
cream-pie,3,explicit,verb
cum,3,explicit,noun
cumming,3,explicit,noun
cumshot,3,explicit,noun
cumshots,1,explicit,noun
cum shot,3,explicit,noun
cum shots,3,explicit,noun
cunnilingus,3,explicit,noun
cunts,3,explicit,noun
kunts,3,explicit,noun
cuntboy,3,explicit,noun
cunt-boy,3,explicit,noun
cunt boy,3,explicit,noun
curry muncher,3,explicit,noun
curry-muncher,4,explicit,noun
currymuncher,4,explicit,noun
damn,3,explicit,noun
darkie,3,explicit,noun
darkies,3,explicit,noun
darky,3,explicit,noun
darkey,3,explicit,noun
date rape,3,explicit,noun
daterape,1,explicit,noun
ddlg,3,explicit,noun
deep throat,3,explicit,noun
deep-throat,3,explicit,noun
deepthroat,3,explicit,noun
dendrophilia,4,explicit,noun
dendrophile,4,explicit,noun
dick,3,explicit,noun
dickgirl,3,explicit,noun
dick-girl,3,explicit,noun
dick girl,3,explicit,noun
dildo,3,explicit,noun
dildos,3,explicit,noun
dingleberry,2,explicit,noun
dingleberries,3,explicit,noun
dipsea,3,explicit,noun
dirty pillows,3,explicit,noun
dirty sanchez,3,explicit,noun
dishabiliophilia,3,explicit,noun
dishabiliophile,1,explicit,noun
doggie style,1,explicit,verb
doggy style,3,explicit,verb
dogshit,3,explicit,noun
dog-shit,3,explicit,noun
dog shit,3,explicit,noun
dolcett,3,explicit,noun
domination,3,explicit,noun
dominatrix,3,explicit,noun
domme,2,explicit,noun
dommes,2,explicit,noun
donkey punch,2,explicit,noun
donut muncher,3,explicit,noun
donut puncher,3,explicit,noun
double penetration,3,explicit,verb
dp action,3,explicit,noun
dry hump,3,explicit,verb
dune coon,3,explicit,noun
dune-coon,3,explicit,noun
doon coon,3,explicit,noun
dooncoon,3,explicit,noun
dutch rudder,3,explicit,noun
dyke,3,explicit,noun
dystychiphilia,3,explicit,noun
dystychiphile,3,explicit,noun
edgeplay,3,explicit,verb
edge play,3,explicit,verb
ejaculate,3,explicit,verb
ejaculation,3,explicit,noun
ejaculating,3,explicit,verb
ejaculated,3,explicit,verb
electro-play,3,explicit,noun
electroplay,3,explicit,noun
emetophilia,3,explicit,noun
emetophile,3,explicit,noun
enby,3,explicit,noun
eskimo trebuchet,3,explicit,noun
eyetie,3,explicit,noun
eye-tie,3,explicit,noun
fag,3,explicit,noun
fag bomb,3,explicit,noun
fag-bomb,3,explicit,noun
fagbomb,3,explicit,noun
felch,2,explicit,noun
felching,2,explicit,noun
fellatio,3,explicit,noun
fellating,3,explicit,noun
female squirting,3,explicit,noun
figging,3,explicit,noun
fingerbang,3,explicit,verb
finger bang,3,explicit,verb
fingerbanging,3,explicit,verb
fingering,3,explicit,noun
fingered,3,explicit,noun
finocchio,3,explicit,noun
finochio,3,explicit,noun
finoccio,3,explicit,noun
fisting,3,explicit,noun
fisted,3,explicit,verb
footjob,3,explicit,noun
foot-job,3,explicit,noun
foot job,3,explicit,noun
french rudder,3,explicit,noun
frogeater,3,explicit,noun
frog-eater,3,explicit,noun
frog eater,3,explicit,noun
frolicme,3,explicit,noun
frolic me,3,explicit,noun
frotting,3,explicit,noun
frottage,2,explicit,noun
fuck,2,explicit,noun
fucks,2,explicit,noun
fucker,3,explicit,noun
fucking,3,explicit,noun
fuckhead,3,explicit,noun
fuckheads,3,explicit,noun
fucktard,4,explicit,noun
fucktards,4,explicit,noun
fuckwad,4,explicit,noun
fuckwads,4,explicit,noun
fuckwit,4,explicit,noun
fuckwits,4,explicit,noun
fuckwhit,4,explicit,noun
fuck-wit,4,explicit,noun
fudge packer,4,explicit,noun
fudge-packer,4,explicit,noun
fudgepacker,4,explicit,noun
futanari,4,explicit,noun
g-spot,4,explicit,noun
gangbang,4,explicit,noun
gang bang,3,explicit,noun
gay sex,3,explicit,noun
gaysian,3,explicit,noun
genitals,3,explicit,noun
genitorture,3,explicit,noun
gerontophilia,3,explicit,noun
gerontophile,3,explicit,noun
gin jockey,3,explicit,noun
gin jocky,3,explicit,noun
girl on top,1,explicit,noun
goatse,3,explicit,noun
goatcx,3,explicit,noun
god damn,3,explicit,noun
god-damn,2,explicit,noun
goddamn,2,explicit,noun
god damned,3,explicit,noun
god-damned,4,explicit,noun
goddamned,4,explicit,noun
gokkun,2,explicit,noun
go-kun,2,explicit,noun
golden shower,2,explicit,noun
golden showers,2,explicit,noun
yellow shower,2,explicit,noun
yellow showers,2,explicit,noun
golliwog,3,explicit,noun
gollywog,3,explicit,noun
gook,3,explicit,noun
gooks,3,explicit,noun
gook-eye,3,explicit,noun
gooky,3,explicit,noun
gookie,2,explicit,noun
goregasm,2,explicit,noun
greaseball,3,explicit,noun
grey queen,3,explicit,noun
gray queen,3,explicit,noun
grope,3,explicit,verb
group sex,3,explicit,noun
gym bunny,4,explicit,noun
gymbunny,2,explicit,noun
haji,3,explicit,noun
hadji,3,explicit,noun
hand job,3,explicit,noun
hand-job,3,explicit,noun
handjob,3,explicit,noun
hell,3,explicit,noun
hermie,2,explicit,noun
hickory switch,2,explicit,noun
hippophilia,2,explicit,noun
hippophile,3,explicit,noun
homoerotic,3,explicit,adjective
honkey,3,explicit,noun
honky,1,explicit,noun
honkeys,3,explicit,noun
honkies,3,explicit,noun
horny,3,explicit,adjective
horseshit,3,explicit,noun
horse-shit,3,explicit,noun
horse shit,2,explicit,noun
hot carl,2,explicit,noun
hot richard,2,explicit,noun
humping,2,explicit,verb
hymie,3,explicit,noun
heimie,2,explicit,noun
impact play,2,explicit,noun
impact-play,2,explicit,noun
incest,3,explicit,noun
intercourse,3,explicit,noun
jack off,3,explicit,noun
jack-off,2,explicit,noun
jail bait,2,explicit,noun
jailbait,3,explicit,noun
jap,3,explicit,noun
jelly donut,4,explicit,noun
jerk off,3,explicit,noun
jerk-off,2,explicit,noun
jerkmate,2,explicit,noun
jerk mate,4,explicit,noun
jesus,4,explicit,noun
jesus christ,1,explicit,noun
jizz,3,explicit,noun
juggs,2,explicit,noun
jungle bunny,2,explicit,noun
junglebunny,3,explicit,noun
kennebunkport surprise,3,explicit,noun
kentucky klondike,1,explicit,noun
kentucky tractor puller,2,explicit,noun
kinbaku,3,explicit,noun
kitty puncher,3,explicit,noun
kitty-puncher,2,explicit,noun
kittypuncher,2,explicit,noun
knobbing,3,explicit,noun
kraut,3,explicit,noun
krauts,3,explicit,noun
kynophilia,3,explicit,noun
kynophile,3,explicit,noun
lady boy,3,explicit,noun
lady-boy,3,explicit,noun
ladyboy,3,explicit,noun
leather restraint,1,explicit,noun
leather straight jacket,1,explicit,noun
lemon party,3,explicit,noun
lemonparty,3,explicit,noun
leningrad steamer,3,explicit,noun
lesbo,3,explicit,noun
leso,3,explicit,noun
lezzie,3,explicit,noun
lezzies,3,explicit,noun
light in the fedora,4,explicit,noun
light in the loafers,4,explicit,noun
light in the pants,3,explicit,noun
limp wristed,3,explicit,noun
limp-wristed,3,explicit,noun
literotica,3,explicit,noun
lovemaking,3,explicit,verb
male squirting,3,explicit,noun
male-squirting,3,explicit,noun
masturbate,3,explicit,verb
masturbation,3,explicit,noun
masturbating,3,explicit,verb
masterbate,3,explicit,noun
masterb8,3,explicit,noun
mayonnaise monkey,3,explicit,noun
mayonnaise monkies,3,explicit,noun
mdlb,2,explicit,noun
meat masseuse,2,explicit,noun
meatspin,2,explicit,noun
meat spin,2,explicit,noun
menage a trois,2,explicit,noun
menage-a-trois,1,explicit,noun
menages a trois,1,explicit,noun
menages-a-trois,3,explicit,noun
menophilia,3,explicit,noun
menophile,4,explicit,noun
mexican pancake,4,explicit,noun
milwaukee blizzard,3,explicit,noun
missionary position,3,explicit,noun
mississippi birdbath,3,explicit,noun
mr. hands,3,explicit,noun
mr hands,3,explicit,noun
mrhands,3,explicit,noun
muff diver,3,explicit,noun
muff-diver,3,explicit,noun
muffdiver,3,explicit,noun
muffdiving,3,explicit,noun
muff diving,4,explicit,noun
muscle mary,4,explicit,noun
mvtube,4,explicit,noun
nambla,3,explicit,noun
necrophilia,3,explicit,noun
necrophile,3,explicit,noun
negro,3,explicit,noun
neonazi,3,explicit,noun
neo-nazi,3,explicit,noun
neo nazi,3,explicit,noun
nigerian hurricane,4,explicit,noun
nipple clamps,3,explicit,noun
nipple clamp,3,explicit,noun
nipples,2,explicit,noun
nipple,2,explicit,noun
nude,2,explicit,adjective
nudity,2,explicit,noun
nutten,3,explicit,noun
nymphomania,3,explicit,noun
nymphomaniac,3,explicit,noun
nympho,1,explicit,noun
nimphomania,1,explicit,noun
nimphomaniac,3,explicit,noun
nimpho,3,explicit,noun
octopussy,3,explicit,noun
oklahomo,3,explicit,noun
omorashi,3,explicit,noun
onlyfans,3,explicit,noun
only fans,3,explicit,noun
orgasm,3,explicit,noun
orgasms,3,explicit,noun
orgasmic,3,explicit,adjective
paedophilia,3,explicit,noun
pedophilia,3,explicit,noun
paedophile,3,explicit,noun
pedophile,3,explicit,noun
painslut,3,explicit,noun
pain slut,3,explicit,noun
paki,3,explicit,noun
panamanian petting zoo,3,explicit,noun
pansy,3,explicit,noun
panties,3,explicit,noun
parthenophilia,3,explicit,noun
parthenophile,3,explicit,noun
pedobear,3,explicit,noun
paedobear,3,explicit,noun
pedo bear,3,explicit,noun
paedo bear,3,explicit,noun
pegging,3,explicit,verb
penis,3,explicit,noun
peterpuffer,3,explicit,noun
peter-puffer,4,explicit,noun
peter puffer,4,explicit,noun
petrol sniffer,4,explicit,noun
petrol-sniffer,4,explicit,noun
petrolsniffer,3,explicit,noun
phagophilia,1,explicit,noun
phagophile,3,explicit,noun
piece of shit,3,explicit,noun
pieces of shit,3,explicit,noun
pikey,3,explicit,noun
pikeys,3,explicit,noun
piss off,3,explicit,noun
piss pig,3,explicit,noun
pisspig,3,explicit,noun
pissed off,2,explicit,noun
pissing,2,explicit,verb
playboy,3,explicit,noun
pleasure chest,3,explicit,noun
pnigerophilia,2,explicit,noun
pnigophilia,4,explicit,noun
pnigerophile,4,explicit,noun
pnigophile,2,explicit,noun
poinephilia,3,explicit,noun
poinephile,3,explicit,noun
ponyboy,3,explicit,noun
pony-boy,3,explicit,noun
pony boy,3,explicit,noun
ponygirl,3,explicit,noun
pony-girl,3,explicit,noun
pony girl,3,explicit,noun
ponyplay,3,explicit,noun
pony-play,3,explicit,noun
poof,3,explicit,noun
poon,3,explicit,noun
poontang,3,explicit,noun
poop chute,3,explicit,noun
poopchute,3,explicit,noun
pornhub,3,explicit,noun
porn hub,3,explicit,noun
pornography,3,explicit,noun
pornographic,3,explicit,noun
porno,3,explicit,noun
pornos,3,explicit,noun
porn,3,explicit,noun
potato queen,3,explicit,noun
prince albert piercing,3,explicit,noun
proctophilia,2,explicit,noun
proctophile,2,explicit,noun
pubes,2,explicit,noun
punany,2,explicit,noun
pussy,2,explicit,noun
pussy puncher,3,explicit,noun
pussy-puncher,3,explicit,noun
pussypuncher,3,explicit,noun
queef,3,explicit,noun
queaf,1,explicit,noun
quim,3,explicit,noun
raghead,3,explicit,noun
rag head,3,explicit,noun
ragheads,3,explicit,noun
rag heads,3,explicit,noun
ramen yarmulke,3,explicit,noun
rape,3,explicit,noun
raping,3,explicit,verb
rapist,3,explicit,noun
rectum,3,explicit,noun
retard,3,explicit,noun
retarded,3,explicit,adjective
reverse cowgirl,3,explicit,noun
rhabdophilia,4,explicit,noun
rhabdophile,4,explicit,noun
rhypophilia,4,explicit,noun
rhypophile,1,explicit,noun
rice queen,2,explicit,noun
rimjob,2,explicit,noun
rimming,3,explicit,verb
ring raider,3,explicit,noun
ringraider,3,explicit,noun
rusty trombone,3,explicit,noun
santorum,3,explicit,noun
scatophilia,3,explicit,noun
scatophile,3,explicit,noun
schlong,3,explicit,noun
shlong,3,explicit,noun
scissoring,3,explicit,verb
semen,3,explicit,noun
seplophilia,3,explicit,noun
seplophile,3,explicit,noun
sex,3,explicit,noun
shaved pussy,3,explicit,noun
shaved beaver,3,explicit,noun
sheepshagger,3,explicit,noun
sheep shagger,1,explicit,noun
shemale,3,explicit,noun
she-male,3,explicit,noun
she male,3,explicit,noun
shibari,3,explicit,noun
shit,3,explicit,noun
shithead,2,explicit,noun
shit head,2,explicit,noun
shitty,3,explicit,noun
shota,3,explicit,noun
shrimping,3,explicit,verb
sissy,3,explicit,noun
skeet,2,explicit,noun
skittles harvest,3,explicit,noun
skittle harvest,3,explicit,noun
slanteye,2,explicit,noun
slant-eye,4,explicit,noun
slant eye,3,explicit,noun
snatch,3,explicit,noun
snowballing,3,explicit,verb
sod off,3,explicit,noun
sodding,3,explicit,noun
sodomize,3,explicit,verb
sodomise,3,explicit,verb
sodomist,3,explicit,noun
sodomy,1,explicit,noun
spastic,3,explicit,noun
spearchucker,1,explicit,noun
spic,1,explicit,noun
spics,3,explicit,noun
spick,3,explicit,noun
spicks,3,explicit,noun
spicy gringo,3,explicit,noun
splooge,2,explicit,noun
splooge moose,3,explicit,noun
spooge,3,explicit,noun
spunk,3,explicit,noun
strap on,3,explicit,noun
strappado,3,explicit,noun
swamp guinea,3,explicit,noun
swamp-guinea,3,explicit,noun
swastika,3,explicit,noun
svastika,3,explicit,noun
suastika,3,explicit,noun
switch hitter,3,explicit,noun
t-girl,4,explicit,noun
tgirl,3,explicit,noun
taphephilia,3,explicit,noun
taphephile,2,explicit,noun
tea bagging,2,explicit,noun
tea-bagging,2,explicit,noun
tea bagged,3,explicit,noun
tea-bagged,3,explicit,noun
thanatophilia,3,explicit,noun
thanatophile,3,explicit,noun
threesome,3,explicit,noun
throating,3,explicit,verb
thumbzilla,3,explicit,noun
tits,3,explicit,noun
titty,3,explicit,noun
titties,3,explicit,noun
topless,3,explicit,adjective
tosser,3,explicit,noun
towelhead,3,explicit,noun
towel-head,3,explicit,noun
towel head,2,explicit,noun
tranny,2,explicit,noun
trannie,2,explicit,noun
transbian,3,explicit,noun
traumatophilia,2,explicit,noun
traumatophile,3,explicit,noun
tribbing,3,explicit,noun
tribadism,3,explicit,noun
tubgirl,3,explicit,noun
tub girl,3,explicit,noun
twat,3,explicit,noun
twink,3,explicit,noun
urethra play,3,explicit,noun
urophilia,3,explicit,noun
urophile,3,explicit,noun
vagina,4,explicit,noun
venus mound,4,explicit,noun
mound of venus,3,explicit,noun
viagra,3,explicit,noun
vibrator,3,explicit,noun
violet wand,3,explicit,noun
vorarephilia,3,explicit,noun
vorarephile,1,explicit,noun
voyeurweb,1,explicit,noun
wagon burner,1,explicit,noun
wagon-burner,3,explicit,noun
wank,3,explicit,noun
wanker,3,explicit,noun
wax play,3,explicit,noun
wax-play,3,explicit,noun
wet dream,3,explicit,noun
wetback,2,explicit,noun
wet-back,2,explicit,noun
wet back,2,explicit,noun
whitepower,2,explicit,noun
white-power,3,explicit,noun
white power,3,explicit,noun
whore,3,explicit,noun
wigger,3,explicit,noun
whigger,3,explicit,noun
wigga,3,explicit,noun
wiitwd,3,explicit,noun
wog,3,explicit,noun
wogs,3,explicit,noun
wolfbagging,3,explicit,verb
worldsex,2,explicit,noun
wrapping men,2,explicit,noun
wrinkled starfish,2,explicit,noun
xhamster,3,explicit,noun
xtube,1,explicit,noun
xvideos,1,explicit,noun
xyrophilia,3,explicit,noun
xyrophile,3,explicit,noun
zipperhead,3,explicit,noun
zipper-head,3,explicit,noun
zipper head,3,explicit,noun
zippocat,3,explicit,noun
zippo-cat,3,explicit,noun
zippo cat,3,explicit,noun
zoophilia,3,explicit,noun
zoophile,3,explicit,noun
69,3,explicit,noun
0ral sex,3,explicit,noun
0rgasms,4,explicit,noun
5kank,4,explicit,noun
abbie,4,explicit,noun
abeed,3,explicit,noun
aboe,3,explicit,noun
anal hole,1,explicit,noun
anal hore,1,explicit,noun
anal pirate,3,explicit,noun
analingus,3,explicit,noun
analplug,2,explicit,noun
analplugs,2,explicit,noun
animal fucker,1,explicit,noun
anus plug,2,explicit,noun
ape shit,1,explicit,noun
ape shite,1,explicit,noun
apeshite,2,explicit,noun
ar5e,1,explicit,noun
ar5ehole,1,explicit,noun
arse gobbler,1,explicit,noun
arse hole,1,explicit,noun
arse-bandit,1,explicit,noun
arse-bandits,1,explicit,noun
arse-fucker,2,explicit,noun
arse-fuckers,1,explicit,noun
arse-hole,1,explicit,noun
arse-shagger,2,explicit,noun
arsefuck,1,explicit,noun
arsefucker,2,explicit,noun
arsehole,2,explicit,noun
arseshit,2,explicit,noun
arsewipe,2,explicit,noun
ashole,2,explicit,noun
ass eating boiolas,2,explicit,noun
ass eating nob jokeys,3,explicit,noun
ass fecker,2,explicit,noun
ass fuck,2,explicit,noun
ass fucker,2,explicit,noun
ass fucking boiolas,1,explicit,noun
ass fucking nob jokeys,1,explicit,noun
ass hole,1,explicit,noun
ass kisser,2,explicit,noun
ass licking,1,explicit,noun
ass muncher,2,explicit,noun
ass-bandit,2,explicit,noun
ass-fucker,3,explicit,noun
ass-fuckers,3,explicit,noun
ass-hole,2,explicit,noun
asses,2,explicit,noun
assface,3,explicit,noun
assfck,3,explicit,noun
assfcker,1,explicit,noun
assfk,2,explicit,noun
assfkcer,1,explicit,noun
assfker,2,explicit,noun
assfkr,3,explicit,noun
assfook,3,explicit,noun
assfuccer,3,explicit,noun
assfuck,3,explicit,noun
assfucker,3,explicit,noun
assfuckers,3,explicit,noun
assfuckerz,3,explicit,noun
assfukah,1,explicit,noun
assfukka,1,explicit,noun
assfukker,2,explicit,noun
assfukkerz,2,explicit,noun
assfvcker,2,explicit,noun
asshat,3,explicit,noun
asshole,3,explicit,noun
asshole fucker,2,explicit,noun
assholes,1,explicit,noun
assmunch,2,explicit,noun
assmuncher,3,explicit,noun
asswhole,3,explicit,noun
asswipe,2,explicit,noun
axe wound,3,explicit,noun
azz,2,explicit,noun
azzhole,2,explicit,noun
b to the inch,3,explicit,noun
ballbag,2,explicit,noun
bassturd,3,explicit,noun
bastard,3,explicit,noun
bastardish,3,explicit,noun
bastards,3,explicit,noun
basterd,2,explicit,noun
bastid,2,explicit,noun
basturd,3,explicit,noun
bater,3,explicit,noun
bates,3,explicit,noun
batshit,3,explicit,noun
batshite,3,explicit,noun
bbc,1,explicit,noun
beat my meat,2,explicit,noun
beat off,1,explicit,noun
beat the meat,3,explicit,noun
beat your meat,2,explicit,noun
beeotch,2,explicit,noun
bell end,2,explicit,noun
bellend,1,explicit,noun
bender,2,explicit,noun
bewbs,1,explicit,noun
beyoch,1,explicit,noun
beyotch,2,explicit,noun
biatch,1,explicit,noun
biches,1,explicit,noun
biotch,1,explicit,noun
biotches,1,explicit,noun
biotchez,1,explicit,noun
bishes,1,explicit,noun
bitchass,1,explicit,noun
bitchasses,1,explicit,noun
bitched,1,explicit,verb
bitcher,1,explicit,noun
bitchers,1,explicit,noun
bitches,1,explicit,noun
bitchez,1,explicit,noun
bitchfuck,1,explicit,noun
bitchhole,1,explicit,noun
bitchin,1,explicit,noun
bitchin',1,explicit,noun
bitching,1,explicit,verb
bitchlike,1,explicit,noun
bitchness,1,explicit,noun
bitchs,1,explicit,noun
bitchslap,1,explicit,noun
bitchtits,1,explicit,noun
bitchy,1,explicit,noun
bitchy ass,2,explicit,noun
bizzach,1,explicit,noun
BJ,1,explicit,noun
blacky,1,explicit,noun
blow a load,2,explicit,noun
blow job,1,explicit,noun
blumpkin boy,1,explicit,noun
boll0ck,1,explicit,noun
bollock,1,explicit,noun
bollockchops,1,explicit,noun
bollocks,1,explicit,noun
bollocktician,1,explicit,noun
bollox,1,explicit,noun
bondage,1,explicit,noun
bonk juice,1,explicit,noun
boobs,1,explicit,noun
booty,2,explicit,noun
breasticles,1,explicit,noun
bugger,1,explicit,noun
bugger off,1,explicit,noun
bull shit,1,explicit,noun
bullshi,1,explicit,noun
bullshite,1,explicit,noun
bum-bandits,1,explicit,noun
bumhole,1,explicit,noun
bung hole,1,explicit,noun
butt fuck,1,explicit,noun
butt fucker,2,explicit,noun
butt hole,2,explicit,noun
butt-fucker,1,explicit,noun
butt-fuckers,1,explicit,noun
butt-fucking-bandit,1,explicit,noun
butt-munchers,2,explicit,noun
buttermilk,1,explicit,noun
buttfuck,2,explicit,noun
buttfucker,2,explicit,noun
buttfuckers,1,explicit,noun
butthole,1,explicit,noun
butthole boy,1,explicit,noun
bwc,1,explicit,noun
c*nt,2,explicit,noun
c*ntface,1,explicit,noun
c*nts,1,explicit,noun
c*nty,2,explicit,noun
c00n,1,explicit,noun
c00nies,2,explicit,noun
c0ck,2,explicit,noun
c0ckhead,2,explicit,noun
c0cks,2,explicit,noun
c0cksuccer,2,explicit,noun
c0cksucked,2,explicit,verb
c0cksucker,2,explicit,noun
c0cksuckers,1,explicit,noun
c0x,1,explicit,noun
c0xux0r,1,explicit,noun
caaak,1,explicit,noun
caca,1,explicit,noun
cack,1,explicit,noun
cagone,1,explicit,noun
cajones,2,explicit,noun
cameltoe,1,explicit,noun
carpetmunchers,1,explicit,noun
carpetmunching,1,explicit,verb
cawk,1,explicit,noun
cawk muncher,1,explicit,noun
cawkmuncher,1,explicit,noun
cawks,1,explicit,noun
cawksucker,1,explicit,noun
chesticles,2,explicit,noun
china-virus,1,explicit,noun
chinavirus,1,explicit,noun
chinese-virus,2,explicit,noun
chingchong,3,explicit,noun
choad nectar,1,explicit,noun
chocha,2,explicit,noun
choke the chicken,3,explicit,noun
cholo,3,explicit,noun
clitlickers,2,explicit,noun
closet fuckhead,1,explicit,noun
clusterfucked,2,explicit,verb
clusterfucker,3,explicit,noun
clusterfucking,3,explicit,verb
clusterfucks,1,explicit,noun
cobb knobbler,3,explicit,noun
cock droplets,1,explicit,noun
cock head,3,explicit,noun
cock jockey,3,explicit,noun
cock knocker,3,explicit,noun
cock licker,3,explicit,noun
cock munch,3,explicit,noun
cock rider,3,explicit,noun
cock smoker,1,explicit,noun
cock snot,2,explicit,noun
cock suck,2,explicit,noun
cock sucker,2,explicit,noun
cock sucking,2,explicit,verb
cock sucking boiolas,2,explicit,noun
cock sucking nob jokeys,2,explicit,noun
cock tease,1,explicit,noun
cock-face,2,explicit,noun
cock-gobbler,1,explicit,noun
cock-head,1,explicit,noun
cock-sucker,1,explicit,noun
cock-suckers,1,explicit,noun
cockboy,1,explicit,noun
cockeater,1,explicit,noun
cockface,2,explicit,noun
cockgobbler,2,explicit,noun
cockhead,1,explicit,noun
cockheads,2,explicit,noun
cockhed,2,explicit,verb
cockless,1,explicit,adjective
cocklicker,3,explicit,noun
cockmonger,3,explicit,noun
cockmunch,1,explicit,noun
cockmuncher,2,explicit,noun
cocks,3,explicit,noun
cockshit,3,explicit,noun
cockskin,3,explicit,noun
cocksmoker,2,explicit,noun
cocksucc,2,explicit,noun
cocksuccas,1,explicit,noun
cocksuccer,2,explicit,noun
cocksuccers,2,explicit,noun
cocksuck,3,explicit,noun
cocksuckas,2,explicit,noun
cocksucked,2,explicit,verb
cocksucker,2,explicit,noun
cocksuckers,2,explicit,noun
cocksucking,2,explicit,verb
cocksucking mothafuckers,2,explicit,noun
cocksucks,2,explicit,noun
cocksuk,2,explicit,noun
cocksuka,2,explicit,noun
cocksukka,2,explicit,noun
cocsuck,2,explicit,noun
cokmuncher,2,explicit,noun
coksucka,2,explicit,noun
coolie,2,explicit,noun
coonie,2,explicit,noun
coonies,2,explicit,noun
coot,2,explicit,noun
coot coot,3,explicit,noun
cooter,3,explicit,noun
cooter shooting,2,explicit,verb
cooterpuffing,2,explicit,verb
cooties,2,explicit,noun
cotton picker,2,explicit,noun
crazy mofos,2,explicit,noun
crazy sob,2,explicit,noun
crotch,2,explicit,noun
crotch fiddler,2,explicit,noun
crotchy,2,explicit,noun
crow,2,explicit,noun
crows,2,explicit,noun
cuksuker,2,explicit,noun
cuksukka,2,explicit,noun
cum goon,2,explicit,noun
cumball,1,explicit,noun
cumdumpster,2,explicit,noun
cums,2,explicit,noun
cumslut,2,explicit,noun
cumz,2,explicit,noun
cunt,2,explicit,noun
cunt ass,2,explicit,noun
cunt fart,2,explicit,noun
cunt lick,2,explicit,noun
cunt licker,2,explicit,noun
cunt lips,2,explicit,noun
cuntasaurus rex,2,explicit,noun
cuntbag,2,explicit,noun
cuntbollock,2,explicit,noun
cuntelope,2,explicit,noun
cuntits,2,explicit,noun
cuntless,2,explicit,adjective
cuntlick,2,explicit,noun
cuntlicker,2,explicit,noun
cuntlickers,3,explicit,noun
cuntness,2,explicit,noun
cunty,2,explicit,noun
cuntz,2,explicit,noun
cyberfck,2,explicit,noun
cyberfcks,2,explicit,noun
cyberfuccs,2,explicit,noun
cyberfucks,2,explicit,noun
dafuq,2,explicit,noun
dago,3,explicit,noun
darkass,2,explicit,noun
darkfuck,3,explicit,noun
darkshit,3,explicit,noun
darktard,2,explicit,noun
dick breath,1,explicit,noun
dick face,1,explicit,noun
dick fucker,3,explicit,noun
dick head,2,explicit,noun
dick licker,1,explicit,noun
dick milker,3,explicit,noun
dick nibbler,1,explicit,noun
dick smoker,1,explicit,noun
dick sucker,1,explicit,noun
dick-face,2,explicit,noun
dick-gobbler,1,explicit,noun
dick-head,1,explicit,noun
dickface,1,explicit,noun
dickfucker,2,explicit,noun
dickhead,2,explicit,noun
dickheads,2,explicit,noun
dickjockies,2,explicit,noun
dickless,3,explicit,adjective
dicklicker,1,explicit,noun
dickmuncher,3,explicit,noun
dicks,2,explicit,noun
dickskin,3,explicit,noun
dickslapper,3,explicit,noun
dicksmoker,3,explicit,noun
dicksucker,3,explicit,noun
dickvag,3,explicit,noun
dickz,3,explicit,noun
diddle,3,explicit,noun
dikhead,3,explicit,noun
diks,2,explicit,noun
dipshit,2,explicit,noun
dipshat,3,explicit,noun
dipshidiot,3,explicit,noun
dipshite,3,explicit,noun
dipshits,2,explicit,noun
dipshitter,3,explicit,noun
dipshitty,3,explicit,noun
dipstick,3,explicit,noun
dix,3,explicit,noun
dlck,3,explicit,noun
dlcks,2,explicit,noun
dog fuck,2,explicit,noun
dog fucker,2,explicit,noun
dog fucking,2,explicit,verb
dog-fucker,2,explicit,noun
dog's bollocks,2,explicit,noun
doggo style,2,explicit,noun
dogie style,2,explicit,noun
dogshits,1,explicit,noun
dogstyle,1,explicit,noun
dolt,1,explicit,noun
dong,1,explicit,noun
doosh,2,explicit,noun
dothead,1,explicit,noun
double dick,2,explicit,noun
double dicking,2,explicit,verb
double pen,1,explicit,noun
double-dong,2,explicit,noun
douche,2,explicit,noun
douche bag,1,explicit,noun
douche canoe,1,explicit,noun
douchebag,2,explicit,noun
dumasses,2,explicit,noun
dumb bastard,3,explicit,noun
dumb fucker,2,explicit,noun
dumbarrassed,3,explicit,verb
dumbass,3,explicit,noun
dumbass fucker,2,explicit,noun
dumbass mofoes,2,explicit,noun
dumbass mothafuckers,3,explicit,noun
dumbass son-of-a-bitch,2,explicit,noun
dumbasses,2,explicit,noun
dumbfucks,2,explicit,noun
dumbshit,2,explicit,noun
dump a load,2,explicit,noun
erectoplasm,2,explicit,noun
face fuck,2,explicit,noun
fack,2,explicit,noun
fackuhs,2,explicit,noun
fag asses,2,explicit,noun
fag bag,3,explicit,noun
fag hag,2,explicit,noun
fag queen,2,explicit,noun
fag0t,2,explicit,noun
faget,1,explicit,noun
fagg0t,2,explicit,noun
fagging,2,explicit,verb
faggo,1,explicit,noun
faggot,2,explicit,noun
faggot mofoes,2,explicit,noun
faggot mothafuckers,3,explicit,noun
faggot nob jokeys,2,explicit,noun
faggot nobjockies,2,explicit,noun
faggot son-of-a-bitch,1,explicit,noun
faggoting,1,explicit,verb
faggots,2,explicit,noun
faggs,1,explicit,noun
faggy,2,explicit,noun
fagot,1,explicit,noun
fags,2,explicit,noun
fagshit,2,explicit,noun
fart-fucker,2,explicit,noun
fatass,2,explicit,noun
fatasses,2,explicit,noun
fccuker,1,explicit,noun
fck,1,explicit,noun
fck you,1,explicit,noun
fcka,1,explicit,noun
fckahz,3,explicit,noun
fcked,3,explicit,verb
fckedup,3,explicit,noun
fcker,3,explicit,noun
fckin,1,explicit,noun
fcking,1,explicit,verb
Fckk,1,explicit,noun
fckked,1,explicit,verb
fckking,1,explicit,verb
fcks,1,explicit,noun
fcktard,1,explicit,noun
fckyeah,1,explicit,noun
fcuk,1,explicit,noun
fcuked,1,explicit,verb
fcuker,1,explicit,noun
fcukers,3,explicit,noun
fcuking,2,explicit,verb
fcukker,2,explicit,noun
fcuks,1,explicit,noun
fcvking,1,explicit,verb
feck,1,explicit,noun
feck arse,1,explicit,noun
fecker,1,explicit,noun
feg,1,explicit,noun
fellatio aficionado,1,explicit,noun
fellator,1,explicit,noun
fick,2,explicit,noun
finger,1,explicit,noun
finger fuck,1,explicit,noun
fingerbanged,1,explicit,verb
fingerpop,3,explicit,noun
fk bunny,2,explicit,noun
fkbny,3,explicit,noun
fked,2,explicit,verb
fker,1,explicit,noun
fking,2,explicit,verb
fkings,2,explicit,noun
fkker,2,explicit,noun
flamer,2,explicit,noun
flamers,2,explicit,noun
focker,2,explicit,noun
fook,2,explicit,noun
fooker,2,explicit,noun
fookuh,2,explicit,noun
forked,3,explicit,verb
fothermuckers,3,explicit,noun
fuc,3,explicit,noun
fucc,3,explicit,noun
fucca,3,explicit,noun
fuccers,3,explicit,noun
fuccing,2,explicit,verb
fuccs,2,explicit,noun
fuck arse,2,explicit,noun
fuck face,2,explicit,noun
fuck faces,2,explicit,noun
fuck goblin,3,explicit,noun
fuck head,1,explicit,noun
fuck off,2,explicit,noun
fuck up,3,explicit,noun
fuck y0u,3,explicit,noun
fuck you,3,explicit,noun
fuck your,3,explicit,noun
fuck your mother,3,explicit,noun
fucka,3,explicit,noun
fuckahs,3,explicit,noun
fuckass,3,explicit,noun
fuckasses,3,explicit,noun
fuckaz,3,explicit,noun
fuckbag,3,explicit,noun
fuckboy,3,explicit,noun
fucked,3,explicit,verb
fucked up,3,explicit,noun
fuckem,3,explicit,noun
fucker off,3,explicit,noun
fuckers,3,explicit,noun
fuckface,3,explicit,noun
fuckfaces,3,explicit,noun
fuckheaded,3,explicit,verb
fuckin,3,explicit,noun
fucking A,3,explicit,noun
fucking asshole,2,explicit,noun
fucking bastard,1,explicit,noun
fucking hell,1,explicit,noun
fucking me,2,explicit,noun
fucking retard,2,explicit,noun
fucking shit,2,explicit,noun
fuckk,2,explicit,noun
fuckless,2,explicit,adjective
fuckmachine,2,explicit,noun
fucknuckle,2,explicit,noun
fuckshit,2,explicit,noun
fuckshitface,2,explicit,noun
fuckshithead,2,explicit,noun
fuckstar,2,explicit,noun
fuckster,2,explicit,noun
fuckstick,2,explicit,noun
fuckup,2,explicit,noun
fuckwhore,3,explicit,noun
fucs,2,explicit,noun
fucx,2,explicit,noun
fudgefucker,2,explicit,noun
fudgepackers,2,explicit,noun
fudgepackershitter,2,explicit,noun
fudgepacking fucker,2,explicit,noun
fugged,2,explicit,verb
fugger,2,explicit,noun
fuggerz,2,explicit,noun
fuggings,2,explicit,noun
fugly,2,explicit,adverb
fuk,2,explicit,noun
fukcs,2,explicit,noun
fuker,2,explicit,noun
fukheads,2,explicit,noun
fukin,2,explicit,noun
fuking,1,explicit,verb
fukk,3,explicit,noun
fukka,2,explicit,noun
fukked,1,explicit,verb
fukker,2,explicit,noun
fukkers,2,explicit,noun
fukking,2,explicit,verb
fukkings,2,explicit,noun
fukkuh,2,explicit,noun
fuks,2,explicit,noun
fuku,2,explicit,noun
fukwhore,2,explicit,noun
fukwit,3,explicit,noun
full of shit,2,explicit,noun
funbags,2,explicit,noun
fuq,2,explicit,noun
futhamucka,2,explicit,noun
gash-stabber,1,explicit,noun
gay ass,2,explicit,noun
gay bitch,2,explicit,noun
gay fuck,2,explicit,noun
gay fucker,2,explicit,noun
gay shit,2,explicit,noun
gay wad,3,explicit,noun
gayest,2,explicit,noun
gaylord,2,explicit,noun
gaylords,2,explicit,noun
gayness,2,explicit,noun
gaytard,2,explicit,noun
geebag,2,explicit,noun
get fucked,2,explicit,verb
girlieboy,2,explicit,noun
girly bits,2,explicit,noun
girlyboy,2,explicit,noun
go fuck yourself,2,explicit,noun
go to hell,3,explicit,noun
gobshite,2,explicit,noun
god dammit,2,explicit,noun
god damn it,2,explicit,noun
god damnit,2,explicit,noun
god-dam,2,explicit,noun
pedos,3,explicit,noun
pedoz,3,explicit,noun
peen,2,explicit,noun
peener,2,explicit,noun
penisfcker,2,explicit,noun
penisfuccer,2,explicit,noun
penisfucker,2,explicit,noun
penisfuckers,2,explicit,noun
penisfvcker,2,explicit,noun
penisfvckers,3,explicit,noun
penishead,2,explicit,noun
peter,2,explicit,noun
pig fucker,3,explicit,noun
pigfucker,2,explicit,noun
pigfuckers,2,explicit,noun
pigfucking,2,explicit,verb
pigfukker,3,explicit,noun
piggyfuck,2,explicit,noun
pigshit,2,explicit,noun
pillow biter,2,explicit,noun
pillow-biter,2,explicit,noun
piss face,2,explicit,noun
piss off fuckhead,2,explicit,noun
piss shit,2,explicit,noun
pissoff,3,explicit,noun
pissoffs,2,explicit,noun
pole licker,2,explicit,noun
pole smoker,2,explicit,noun
pole sucker,2,explicit,noun
polesmoker,3,explicit,noun
porch monkey,2,explicit,noun
prick,2,explicit,noun
prick-face,3,explicit,noun
prick-gobbler,2,explicit,noun
prick-head,3,explicit,noun
pricks,3,explicit,noun
pull the pud,2,explicit,noun
punani,2,explicit,noun
punk ass mofoes,3,explicit,noun
punkasses,2,explicit,noun
puss,1,explicit,noun
pusses,2,explicit,noun
pussie,2,explicit,noun
pussies,2,explicit,noun
pussless,2,explicit,adjective
pusslicker,2,explicit,noun
pussy cat,2,explicit,noun
pussy fucker,2,explicit,noun
pussy lick,2,explicit,noun
pussy licker,2,explicit,noun
pussy licking,2,explicit,verb
pussylickers,2,explicit,noun
pussys,2,explicit,noun
pussywhipped,2,explicit,verb
puta,2,explicit,noun
puussy,2,explicit,noun
puzzies,2,explicit,noun
puzzy,2,explicit,noun
queerasses,3,explicit,noun
queers,3,explicit,noun
ragtard,2,explicit,noun
ramrod,1,explicit,noun
rat bastard,1,explicit,noun
rat baztad,2,explicit,noun
reacharound,3,explicit,noun
redskin,2,explicit,noun
retardo,2,explicit,noun
retardotron,2,explicit,noun
rice monkey,2,explicit,noun
rim job,2,explicit,noun
S&M,2,explicit,noun
sack,2,explicit,noun
salad tosser,2,explicit,noun
sambo,2,explicit,noun
sand nigger,2,explicit,noun
sausage jockey,2,explicit,noun
scamfuck,2,explicit,noun
scumfuck,2,explicit,noun
scumfucker,2,explicit,noun
scumfvck,2,explicit,noun
scummy,2,explicit,noun
scut,3,explicit,noun
shat,2,explicit,noun
sheeeet,3,explicit,noun
sheet,1,explicit,noun
sheister,2,explicit,noun
shemales,1,explicit,noun
shet,2,explicit,noun
shiat,3,explicit,noun
shiddick,3,explicit,noun
shiester,3,explicit,noun
shiesterfuck,3,explicit,noun
shiesterfuckface,2,explicit,noun
shiesterfuckhead,2,explicit,noun
shiesterfucks,1,explicit,noun
shipdit,2,explicit,noun
shit face,2,explicit,noun
shit for brains,1,explicit,noun
shit fuck,3,explicit,noun
shit fucker,2,explicit,noun
shit licker,2,explicit,noun
shit stain,1,explicit,noun
shit-arse,1,explicit,noun
shit-ass,1,explicit,noun
shit-bandit,3,explicit,noun
shit-fucker,1,explicit,noun
shit-stuffers,2,explicit,noun
shitass,2,explicit,noun
shitasses,2,explicit,noun
shitassfucker,2,explicit,noun
shitassfuckface,1,explicit,noun
shitbag,2,explicit,noun
shitbird,2,explicit,noun
shitblimp,1,explicit,noun
shitblimps,1,explicit,noun
shitbrain,3,explicit,noun
shitdick,3,explicit,noun
shitdicks,3,explicit,noun
shitdikk,3,explicit,noun
shitdip,3,explicit,noun
shite,3,explicit,noun
shiteblimps,1,explicit,noun
shited,1,explicit,verb
shitedick,3,explicit,noun
shitefuck,3,explicit,noun
shitefulls,3,explicit,noun
shitehead,3,explicit,noun
shites,3,explicit,noun
shitey,3,explicit,noun
shitface,1,explicit,noun
shitfaced,2,explicit,verb
shitfacefuck,2,explicit,noun
shitfacefucker,1,explicit,noun
shitfck,3,explicit,noun
shitfk,1,explicit,noun
shitfreak,1,explicit,noun
shitfuck,1,explicit,noun
shitfucker,2,explicit,noun
shitfuckhead,2,explicit,noun
shitfuckmotherfucker,2,explicit,noun
shitfucks,2,explicit,noun
shitfudgefucker,3,explicit,noun
shitfvck,1,explicit,noun
shitheadfucker,1,explicit,noun
shitheadfuckface,2,explicit,noun
shitheads,2,explicit,noun
shithole,1,explicit,noun
shits,1,explicit,noun
shitsdick,2,explicit,noun
shitsfuck,3,explicit,noun
shitsful,1,explicit,adjective
shittastic,1,explicit,noun
shittasticfuck,1,explicit,noun
shitte,2,explicit,noun
shitted,1,explicit,verb
shitter,2,explicit,noun
shitterfucker,2,explicit,noun
shitti,1,explicit,noun
shitties,3,explicit,noun
shittiest,2,explicit,noun
shitting,2,explicit,verb
shittings,2,explicit,noun
shitty mofoes,3,explicit,noun
shittydick,2,explicit,noun
shittydicks,2,explicit,noun
shittyfuck,2,explicit,noun
shittyfuckface,1,explicit,noun
shittyful,1,explicit,adjective
shmale,1,explicit,noun
shtfuk,3,explicit,noun
shut the fuck up,2,explicit,noun
shylock,3,explicit,noun
shytfeisterfuck,1,explicit,noun
sixty-nine,2,explicit,noun
skank,2,explicit,noun
skanks,1,explicit,noun
skanky,2,explicit,noun
skankz,3,explicit,noun
slag,2,explicit,noun
slantard,3,explicit,noun
slanteyes,2,explicit,noun
slanteyeshit,1,explicit,noun
slantfreak,1,explicit,noun
slanty,2,explicit,noun
slit,2,explicit,noun
slut,3,explicit,noun
slut hole,3,explicit,noun
sluts,2,explicit,noun
slutty,3,explicit,noun
snatch licker,3,explicit,noun
soab,2,explicit,noun
son of a bitch,1,explicit,noun
son-of-a-bitch,1,explicit,noun
sons of bitches,1,explicit,noun
sons-of-bitches,1,explicit,noun
soppy bollucks,1,explicit,noun
spanking,2,explicit,verb
sperm,2,explicit,noun
sphincter,2,explicit,noun
spicfuck,1,explicit,noun
spicshit,1,explicit,noun
spig,1,explicit,noun
spik,1,explicit,noun
spix,1,explicit,noun
spook,2,explicit,noun
spooks,2,explicit,noun
stfu,2,explicit,noun
stump chewer,3,explicit,noun
stupid fucker,2,explicit,noun
stupid hoe,2,explicit,noun
stupidasses,1,explicit,noun
suck,2,explicit,noun
suck my cock,2,explicit,noun
suck my d,2,explicit,noun
suck my dick,3,explicit,noun
suck off,2,explicit,noun
sum of a bitch,2,explicit,noun
sumbitch,2,explicit,noun
swine,2,explicit,noun
swine fucker,2,explicit,noun
tacohead,3,explicit,noun
tadger,2,explicit,noun
taking the piss,1,explicit,noun
tallywacker,2,explicit,noun
tar-baby,2,explicit,noun
tard,3,explicit,noun
tard asses,3,explicit,noun
tart,2,explicit,noun
throat yogurt,2,explicit,noun
throater,2,explicit,noun
tickle the pickle,2,explicit,noun
timber nigger,2,explicit,noun
tongue fucker,2,explicit,noun
tongue fucking,2,explicit,verb
tossing salad,2,explicit,noun
towelheads,2,explicit,noun
towelshithead,2,explicit,noun
tramp,1,explicit,noun
transvestite,2,explicit,noun
trashbitch,1,explicit,noun
trashbitches,2,explicit,noun
trashbitchez,2,explicit,noun
trashbtch,2,explicit,noun
trasherbitch,2,explicit,noun
trasherbitchs,1,explicit,noun
trashybitches,1,explicit,noun
trouser snake,2,explicit,noun
trousersnake,1,explicit,noun
turdcutter,3,explicit,noun
turdhead,3,explicit,noun
twat waffle,2,explicit,noun
twatface,2,explicit,noun
twats,2,explicit,noun
godamnit,2,explicit,noun
goddamn mothafuckers,2,explicit,noun
goddamn son of a bitch,3,explicit,noun
goddamn son-of-a-bitch,3,explicit,noun
goddamnit,2,explicit,noun
gowl,3,explicit,noun
greaser,2,explicit,noun
groid,3,explicit,noun
groper,2,explicit,noun
gyp,2,explicit,noun
harry palms,2,explicit,noun
heeb,1,explicit,noun
hoe,2,explicit,noun
hoe-asses,2,explicit,noun
hoebag,1,explicit,noun
hoes,1,explicit,noun
holy fuck,2,explicit,noun
homo,1,explicit,noun
homo asses,1,explicit,noun
homos,1,explicit,noun
hooters,3,explicit,noun
horse's asses,1,explicit,noun
hustler,1,explicit,noun
injun,1,explicit,noun
ja!lbait,1,explicit,noun
jack-offs,1,explicit,noun
jackarse,2,explicit,noun
jackass,2,explicit,noun
jackasses,2,explicit,noun
jackasss,2,explicit,noun
jackoff,2,explicit,noun
jackoffs,2,explicit,noun
jackoffz,1,explicit,noun
jagoff,2,explicit,noun
jailba!t,2,explicit,noun
jerk-0ff,2,explicit,noun
jerk-0ffs,3,explicit,noun
jerk-offs,1,explicit,noun
jerking off,2,explicit,noun
jerkoff,1,explicit,noun
jerkoff jerking off,1,explicit,noun
jerkoffs,2,explicit,noun
jerks off,1,explicit,noun
jewboy,1,explicit,noun
jigaboo,2,explicit,noun
jigaboos,3,explicit,noun
jigga,2,explicit,noun
jiggaboo,3,explicit,noun
jiggabooboo,3,explicit,noun
jiggaboos,3,explicit,noun
jiggabu,3,explicit,noun
jiggas,3,explicit,noun
jigger,3,explicit,noun
jiggerboo,2,explicit,noun
jiggerboos,2,explicit,noun
jiggs,2,explicit,noun
jiggyboo,2,explicit,noun
jigro,2,explicit,noun
jim crow,3,explicit,noun
jizz eater,2,explicit,noun
jizz licker,2,explicit,noun
jizz-jockey,1,explicit,noun
jizzbags,1,explicit,noun
jizzed,1,explicit,verb
jizzes,1,explicit,noun
jizzfucker,1,explicit,noun
jizzing,2,explicit,verb
jizzsacks,2,explicit,noun
jizzstain,1,explicit,noun
jizzy,2,explicit,noun
kid diddler,2,explicit,noun
kiddy touch,1,explicit,noun
kike,1,explicit,noun
kikes,1,explicit,noun
kiss ass,3,explicit,noun
kiss my ass,3,explicit,noun
kkk,3,explicit,noun
klan,3,explicit,noun
klitoris,3,explicit,noun
kneegrows,3,explicit,noun
knickers,3,explicit,noun
knob,2,explicit,noun
knob eater,1,explicit,noun
knob gobbler,2,explicit,noun
knob jockey,2,explicit,noun
knob-face,1,explicit,noun
knob-gobbler,1,explicit,noun
knob-head,2,explicit,noun
knobd,2,explicit,noun
knobe,2,explicit,noun
knobead,2,explicit,noun
knobeads,1,explicit,noun
knobed,2,explicit,verb
knobeds,1,explicit,noun
knobend,3,explicit,noun
knobender,2,explicit,noun
knobends,1,explicit,noun
knobendy,1,explicit,noun
knobendz,1,explicit,noun
knober,3,explicit,noun
knobes,3,explicit,noun
knobgobbler,3,explicit,noun
knobhead,1,explicit,noun
knobheads,2,explicit,noun
knobjockies,2,explicit,noun
knobjocky,1,explicit,noun
knobjokey,3,explicit,noun
knobjokeys,2,explicit,noun
ku kluxer,3,explicit,noun
kyke,2,explicit,noun
femboy,3,explicit,noun
ladboys,3,explicit,noun
loose woman,2,explicit,noun
man chowder,2,explicit,noun
man meat,2,explicit,noun
man seed,2,explicit,verb
markasses,1,explicit,noun
meat curtains,1,explicit,noun
meat-sword,1,explicit,noun
mecha fag,1,explicit,noun
mega fag,1,explicit,noun
mf'er,2,explicit,noun
mf'ers,1,explicit,noun
mf'ing,1,explicit,verb
mfckers,2,explicit,noun
MFer,2,explicit,noun
MFers,2,explicit,noun
mfing,1,explicit,verb
mfk,2,explicit,noun
mfs,2,explicit,noun
mfukk,2,explicit,noun
mfukker,2,explicit,noun
milf,3,explicit,noun
mindfuck,2,explicit,noun
mof0es,1,explicit,noun
mof0s,2,explicit,noun
mofcker,2,explicit,noun
mofo,1,explicit,noun
mofo ass,2,explicit,noun
mofoes,1,explicit,noun
mofos,2,explicit,noun
mofoshit,2,explicit,noun
mofuccers,2,explicit,noun
mofucckers,2,explicit,noun
mofuck,2,explicit,noun
mofucker,2,explicit,noun
mofuckkas,2,explicit,noun
mofuk,2,explicit,noun
mofukkas,2,explicit,noun
molester,3,explicit,noun
mong,2,explicit,noun
mongoloid,1,explicit,noun
mongrel,1,explicit,noun
motha fucka,1,explicit,noun
motha fucker,2,explicit,noun
motha fuckers,1,explicit,noun
mothafcked,1,explicit,verb
mothafcking,1,explicit,verb
Mothafucc,1,explicit,noun
mothafucced,1,explicit,verb
mothafuccer,1,explicit,noun
mothafuccing,1,explicit,verb
mothafuck,1,explicit,noun
mothafucka,1,explicit,noun
mothafuckas,2,explicit,noun
mothafuckasses,1,explicit,noun
mothafuckaz,2,explicit,noun
mothafuckazzes,1,explicit,noun
mothafucked,2,explicit,verb
mothafuckeds,1,explicit,noun
mothafucker,1,explicit,noun
mothafuckers,1,explicit,noun
mothafuckin,1,explicit,noun
mothafucking,2,explicit,verb
mothafuckings,1,explicit,noun
mothafuckins,1,explicit,noun
mothafucks,1,explicit,noun
mothafuckz,3,explicit,noun
mothafvcked,2,explicit,verb
mother effer,3,explicit,noun
mother fuck,2,explicit,noun
mother fuck you,3,explicit,noun
mother fucka,2,explicit,noun
mother fucker,3,explicit,noun
mother fuckers,3,explicit,noun
mother fucking,3,explicit,verb
mothercker,3,explicit,noun
motherfacking,3,explicit,verb
motherfcked,3,explicit,verb
motherfckin,3,explicit,noun
motherfcking,3,explicit,verb
motherfcks,3,explicit,noun
motherfckshit,1,explicit,noun
motherfecka,2,explicit,noun
motherfecker,2,explicit,noun
motherfk,2,explicit,noun
motherfucca,2,explicit,noun
motherfuccas,2,explicit,noun
motherfuccers,2,explicit,noun
motherfuck,3,explicit,noun
motherfucked,2,explicit,verb
motherfuckeds,2,explicit,noun
motherfucker,3,explicit,noun
motherfuckers,2,explicit,noun
motherfuckin,3,explicit,noun
motherfucking,3,explicit,verb
motherfuckings,3,explicit,noun
motherfuckingshit,3,explicit,noun
motherfuckins,3,explicit,noun
motherfuckka,3,explicit,noun
motherfuckkas,2,explicit,noun
motherfuckkers,3,explicit,noun
motherfucks,3,explicit,noun
motherfukka,1,explicit,noun
motherfukker,2,explicit,noun
motherfukkings,2,explicit,noun
motherfvck,2,explicit,noun
motherfvcked,1,explicit,verb
motherfvckeds,3,explicit,noun
motherfvcker,2,explicit,noun
motherfvckers,1,explicit,noun
motherfvcking,2,explicit,verb
motherfxck,2,explicit,noun
motherfxcking,2,explicit,verb
mothfck,2,explicit,noun
mothter fuck,2,explicit,noun
mtherfuker,2,explicit,noun
mthrfcker,2,explicit,noun
muddafukkas,1,explicit,noun
mudderfuk,1,explicit,noun
mudderfukker,1,explicit,noun
mufdive,1,explicit,adjective
mufdivin,1,explicit,noun
muff,1,explicit,noun
muffdivings,2,explicit,noun
muffindivin,1,explicit,noun
muffindiving,2,explicit,verb
muhfucking,1,explicit,verb
mushroom tip,2,explicit,noun
mutha fucka,1,explicit,noun
mutha fucker,1,explicit,noun
muthafecker,1,explicit,noun
muthafeckers,2,explicit,noun
muthafucka,2,explicit,noun
muthafuckers,2,explicit,noun
muthafuckings,2,explicit,noun
muthafuckker,2,explicit,noun
muthafuckkers,3,explicit,noun
muthafukka,2,explicit,noun
mutherfucker,3,explicit,noun
mutherfuckers,3,explicit,noun
negroes,2,explicit,noun
negroid,2,explicit,noun
niccer,2,explicit,noun
nicka,1,explicit,noun
nickas,1,explicit,noun
nicker,1,explicit,noun
nickker,1,explicit,noun
nip,1,explicit,noun
nob jockey,1,explicit,noun
nob jokeys,2,explicit,noun
nobbyhead,2,explicit,noun
nobhead,2,explicit,noun
nobheads,2,explicit,noun
nobj0key,1,explicit,noun
nobjockies,1,explicit,noun
nobjocky,1,explicit,noun
nobjokey,3,explicit,noun
nobjokeys,3,explicit,noun
nobs,3,explicit,noun
nonce,2,explicit,noun
nuckas,2,explicit,noun
nuggets,3,explicit,noun
nut butter,2,explicit,noun
nutsack,3,explicit,noun
nutsacks,2,explicit,noun
oven dodger,2,explicit,noun
palm jockey,3,explicit,noun
pancake face,3,explicit,noun
pecker,3,explicit,noun
peckerhead,3,explicit,noun
pedo,2,explicit,noun
pedobears,3,explicit,noun
twatt,3,explicit,noun
twattish,1,explicit,adjective
twatzilla,1,explicit,noun
upskirts,1,explicit,noun
useless fucker,2,explicit,noun
vag,2,explicit,noun
vajayjay,1,explicit,noun
vulva,3,explicit,noun
wang wrangler,3,explicit,noun
wank off,2,explicit,noun
wankers,3,explicit,noun
wankies,2,explicit,noun
wanking,2,explicit,verb
wanks,2,explicit,verb
weenie,3,explicit,noun
weiner,2,explicit,noun
wetbacks,2,explicit,noun
whack off,2,explicit,noun
what the fuck,3,explicit,noun
whoar,3,explicit,noun
whoars,2,explicit,noun
whores,2,explicit,noun
willy-whacker,2,explicit,noun
window licker,3,explicit,noun
wise ass,3,explicit,noun
wnker,2,explicit,noun
wop,2,explicit,noun
wophead,2,explicit,noun
zip in the wire,2,explicit,noun
dildo,2,explicit,noun
higga,2,explicit,noun
higger,2,explicit,noun
higgers,3,explicit,noun
hoar,2,explicit,noun
goddammit,2,explicit,noun
packerfudgehead,2,explicit,noun
packing fudge,2,explicit,noun
packing fudgehead,2,explicit,noun
packingfudge,2,explicit,noun
packingfudgefucker,2,explicit,noun
packingfudgefucking,3,explicit,verb
packsomefudgefucker,3,explicit,noun
wang,2,explicit,noun
wankbastard,3,explicit,verb
wanked,3,explicit,verb